-0.000000000000000000e+00,-0.000000000000000000e+00,3.948524902343750000e+03,-0.000000000000000000e+00,-0.000000000000000000e+00,3.948524902343750000e+03,-0.000000000000000000e+00,-0.000000000000000000e+00,3.948524902343750000e+03,-0.000000000000000000e+00,-0.000000000000000000e+00,3.948524902343750000e+03,0.000000000000000000e+00,0.000000000000000000e+00,0.000000000000000000e+00,0.000000000000000000e+00,0.000000000000000000e+00,0.000000000000000000e+00,0.000000000000000000e+00,0.000000000000000000e+00,0.000000000000000000e+00,0.000000000000000000e+00,0.000000000000000000e+00,0.000000000000000000e+00,9.795558471679687500e+02,0.000000000000000000e+00,0.000000000000000000e+00,9.795558471679687500e+02,0.000000000000000000e+00,0.000000000000000000e+00,0.000000000000000000e+00,0.000000000000000000e+00,0.000000000000000000e+00,0.000000000000000000e+00,0.000000000000000000e+00,0.000000000000000000e+00,0.000000000000000000e+00,0.000000000000000000e+00,-1.579410058593750000e+04
-1.691623926162719727e+00,-0.000000000000000000e+00,4.012322021484375000e+03,-1.691623926162719727e+00,-0.000000000000000000e+00,4.012322021484375000e+03,-1.637871861457824707e+00,-0.000000000000000000e+00,3.884828613281250000e+03,-1.637871861457824707e+00,-0.000000000000000000e+00,3.884828613281250000e+03,0.000000000000000000e+00,0.000000000000000000e+00,0.000000000000000000e+00,0.000000000000000000e+00,0.000000000000000000e+00,0.000000000000000000e+00,-7.075885009765625000e+02,3.819758544921875000e+03,-2.983244359493255615e-01,-7.075885009765625000e+02,3.819758544921875000e+03,-2.983244359493255615e-01,3.563883544921875000e+03,0.000000000000000000e+00,1.502559065818786621e+00,3.563883544921875000e+03,0.000000000000000000e+00,1.502559065818786621e+00,0.000000000000000000e+00,0.000000000000000000e+00,0.000000000000000000e+00,0.000000000000000000e+00,0.000000000000000000e+00,0.000000000000000000e+00,0.000000000000000000e+00,0.000000000000000000e+00,-1.579410058593750000e+04
-1.167564964294433594e+01,-4.793531417846679688e+01,5.020444824218750000e+03,-7.898382186889648438e+00,-3.242744064331054688e+01,3.396247070312500000e+03,-1.048841476440429688e+01,-4.306102752685546875e+01,4.509942382812500000e+03,-6.711147785186767578e+00,-2.755315399169921875e+01,2.885744873046875000e+03,1.163738059997558594e+01,-4.705678222656250000e+03,-4.490285110473632812e+01,7.675353050231933594e+00,-3.103597167968750000e+03,-2.961536216735839844e+01,-7.282517089843750000e+02,-3.986134277343750000e+03,-3.975333023071289062e+01,-4.580276184082031250e+02,-2.507044921875000000e+03,-2.500251388549804688e+01,1.169491577148437500e+03,2.865997791290283203e+00,2.747158050537109375e+00,1.169491577148437500e+03,2.865997791290283203e+00,2.747158050537109375e+00,0.000000000000000000e+00,-0.000000000000000000e+00,0.000000000000000000e+00,0.000000000000000000e+00,-0.000000000000000000e+00,0.000000000000000000e+00,0.000000000000000000e+00,0.000000000000000000e+00,-1.579410058593750000e+04
-1.718294715881347656e+01,-1.643071937561035156e+01,3.441146484375000000e+03,-2.550343513488769531e+01,-2.438695907592773438e+01,5.107450683593750000e+03,-1.402328777313232422e+01,-1.340938282012939453e+01,2.808376464843750000e+03,-2.234377479553222656e+01,-2.136561965942382812e+01,4.474680664062500000e+03,-2.424178886413574219e+01,3.130654785156250000e+03,1.482714271545410156e+01,-3.535003280639648438e+01,4.565205566406250000e+03,2.162134170532226562e+01,-4.899935607910156250e+02,2.535361083984375000e+03,9.659070014953613281e+00,-7.617595825195312500e+02,3.941552978515625000e+03,1.501629829406738281e+01,5.458910156250000000e+03,4.214025497436523438e+01,2.745961761474609375e+01,5.458910156250000000e+03,4.214025497436523438e+01,2.745961761474609375e+01,0.000000000000000000e+00,0.000000000000000000e+00,0.000000000000000000e+00,0.000000000000000000e+00,0.000000000000000000e+00,0.000000000000000000e+00,0.000000000000000000e+00,0.000000000000000000e+00,-1.579410058593750000e+04
-4.594569778442382812e+01,-2.124470323324203491e-01,5.196406738281250000e+03,-3.500970840454101562e+01,-1.618804186582565308e-01,3.959558837890625000e+03,-3.499767303466796875e+01,-1.618247777223587036e-01,3.958197753906250000e+03,-2.406168556213378906e+01,-1.112581565976142883e-01,2.721349609375000000e+03,6.592089080810546875e+01,-5.054184082031250000e+03,3.762282133102416992e-01,4.959994125366210938e+01,-3.802849609375000000e+03,2.830801606178283691e-01,-6.201904296875000000e+02,-3.610393798828125000e+03,-5.631217956542968750e+00,-4.217253112792968750e+02,-2.455043701171875000e+03,-3.829190492630004883e+00,2.195530761718750000e+03,2.863739395141601562e+01,1.941366195678710938e+01,2.195530761718750000e+03,2.863739395141601562e+01,1.941366195678710938e+01,0.000000000000000000e+00,-0.000000000000000000e+00,0.000000000000000000e+00,0.000000000000000000e+00,-0.000000000000000000e+00,0.000000000000000000e+00,0.000000000000000000e+00,0.000000000000000000e+00,-1.579410058593750000e+04
-4.985714721679687500e+01,1.469076538085937500e+01,3.699752685546875000e+03,-7.600004577636718750e+01,2.239395904541015625e+01,5.639740722656250000e+03,-3.073648452758789062e+01,9.056725502014160156e+00,2.280864501953125000e+03,-5.687940979003906250e+01,1.675992584228515625e+01,4.220854492187500000e+03,-6.517840576171875000e+01,3.461779785156250000e+03,-1.462416839599609375e+01,-9.797869873046875000e+01,5.203880859375000000e+03,-2.198361587524414062e+01,-4.351679077148437500e+02,2.125118652343750000e+03,-1.430253887176513672e+01,-7.951127319335937500e+02,3.882889648437500000e+03,-2.613274383544921875e+01,7.091829589843750000e+03,1.339264831542968750e+02,9.503633117675781250e+01,7.091829589843750000e+03,1.339264831542968750e+02,9.503633117675781250e+01,0.000000000000000000e+00,0.000000000000000000e+00,0.000000000000000000e+00,0.000000000000000000e+00,0.000000000000000000e+00,0.000000000000000000e+00,0.000000000000000000e+00,0.000000000000000000e+00,-1.579410058593750000e+04
-1.067744903564453125e+02,3.082932090759277344e+01,5.675571289062500000e+03,-8.183258056640625000e+01,2.362776756286621094e+01,4.349790527343750000e+03,-6.711874389648437500e+01,1.937939643859863281e+01,3.567679931640625000e+03,-4.217681503295898438e+01,1.217783832550048828e+01,2.241897949218750000e+03,1.390133209228515625e+02,-5.621403808593750000e+03,3.315034484863281250e+01,1.058454742431640625e+02,-4.280166503906250000e+03,2.524084663391113281e+01,-5.316133422851562500e+02,-3.327772216796875000e+03,8.074998855590820312e+00,-3.319796447753906250e+02,-2.078113037109375000e+03,5.042641162872314453e+00,3.825751464843750000e+03,9.502951049804687500e+01,7.145764160156250000e+01,3.825751464843750000e+03,9.502951049804687500e+01,7.145764160156250000e+01,0.000000000000000000e+00,-0.000000000000000000e+00,0.000000000000000000e+00,0.000000000000000000e+00,-0.000000000000000000e+00,0.000000000000000000e+00,0.000000000000000000e+00,0.000000000000000000e+00,-1.579410058593750000e+04
-1.035623855590820312e+02,2.220176506042480469e+01,4.211928222656250000e+03,-1.480272369384765625e+02,3.173416900634765625e+01,6.020333984375000000e+03,-4.634965896606445312e+01,9.936467170715332031e+00,1.885061279296875000e+03,-9.081451416015625000e+01,1.946886825561523438e+01,3.693466552734375000e+03,-1.263306884765625000e+02,4.041515625000000000e+03,-2.440969657897949219e+01,-1.787903900146484375e+02,5.719782714843750000e+03,-3.454599380493164062e+01,-3.905835266113281250e+02,1.794003295898437500e+03,-1.906010627746582031e+01,-7.606492919921875000e+02,3.493765625000000000e+03,-3.711896896362304688e+01,8.872935546875000000e+03,2.786612243652343750e+02,2.166978149414062500e+02,8.872935546875000000e+03,2.786612243652343750e+02,2.166978149414062500e+02,0.000000000000000000e+00,0.000000000000000000e+00,0.000000000000000000e+00,0.000000000000000000e+00,0.000000000000000000e+00,0.000000000000000000e+00,0.000000000000000000e+00,0.000000000000000000e+00,-1.579410058593750000e+04
-1.930669860839843750e+02,2.030702972412109375e+01,6.282891601562500000e+03,-1.432335205078125000e+02,1.506548213958740234e+01,4.661183593750000000e+03,-9.915045166015625000e+01,1.042876911163330078e+01,3.226608154296875000e+03,-4.931704330444335938e+01,5.187228679656982422e+00,1.604902099609375000e+03,2.380161132812500000e+02,-6.278060058593750000e+03,2.760540962219238281e+01,1.763943939208984375e+02,-4.652687988281250000e+03,2.045844459533691406e+01,-4.483385925292968750e+02,-3.066272460937500000e+03,-3.866452693939208984e+00,-2.222421264648437500e+02,-1.519956054687500000e+03,-1.916606545448303223e+00,5.288477050781250000e+03,2.012103881835937500e+02,1.618592834472656250e+02,5.288477050781250000e+03,2.012103881835937500e+02,1.618592834472656250e+02,0.000000000000000000e+00,-0.000000000000000000e+00,0.000000000000000000e+00,0.000000000000000000e+00,-0.000000000000000000e+00,0.000000000000000000e+00,0.000000000000000000e+00,0.000000000000000000e+00,-1.579410058593750000e+04
-1.742215118408203125e+02,4.601586341857910156e+00,4.720861816406250000e+03,-2.349897766113281250e+02,6.206614971160888672e+00,6.367493164062500000e+03,-5.469837188720703125e+01,1.444708466529846191e+00,1.482156005859375000e+03,-1.154665908813476562e+02,3.049735307693481445e+00,3.128785888671875000e+03,-2.082263641357421875e+02,4.606970703125000000e+03,-1.217508316040039062e+01,-2.789238281250000000e+02,6.171139160156250000e+03,-1.630879211425781250e+01,-3.303180541992187500e+02,1.422164184570312500e+03,-1.357648563385009766e+01,-6.952639160156250000e+02,2.993416503906250000e+03,-2.857621955871582031e+01,9.943508789062500000e+03,4.503963928222656250e+02,3.665221252441406250e+02,9.943508789062500000e+03,4.503963928222656250e+02,3.665221252441406250e+02,0.000000000000000000e+00,0.000000000000000000e+00,0.000000000000000000e+00,0.000000000000000000e+00,0.000000000000000000e+00,0.000000000000000000e+00,0.000000000000000000e+00,0.000000000000000000e+00,-1.579410058593750000e+04
-2.876526489257812500e+02,-9.459911346435546875e+00,6.720629394531250000e+03,-2.116809692382812500e+02,-6.961462974548339844e+00,4.945649902343750000e+03,-1.221203231811523438e+02,-4.016119956970214844e+00,2.853182128906250000e+03,-4.614865493774414062e+01,-1.517671465873718262e+00,1.078203247070312500e+03,3.456714172363281250e+02,-6.577013671875000000e+03,5.537476539611816406e+00,2.560184020996093750e+02,-4.871205566406250000e+03,4.101281642913818359e+00,-3.614676513671875000e+02,-2.754257568359375000e+03,-1.934821319580078125e+01,-1.363529968261718750e+02,-1.038962402343750000e+03,-7.298542976379394531e+00,6.576096679687500000e+03,3.458606262207031250e+02,2.819532775878906250e+02,6.576096679687500000e+03,3.458606262207031250e+02,2.819532775878906250e+02,0.000000000000000000e+00,-0.000000000000000000e+00,0.000000000000000000e+00,0.000000000000000000e+00,-0.000000000000000000e+00,0.000000000000000000e+00,0.000000000000000000e+00,0.000000000000000000e+00,-1.579410058593750000e+04
-2.429432067871093750e+02,-1.672007560729980469e+01,5.042664062500000000e+03,-3.192615356445312500e+02,-2.197253036499023438e+01,6.626769531250000000e+03,-5.278664016723632812e+01,-3.632934093475341797e+00,1.095668823242187500e+03,-1.291049194335937500e+02,-8.885385513305664062e+00,2.679773437500000000e+03,-3.000611267089843750e+02,4.973460937500000000e+03,2.034410238265991211e+00,-3.925072326660156250e+02,6.505739746093750000e+03,2.661193609237670898e+00,-2.611664428710937500e+02,1.052541625976562500e+03,-9.092423439025878906e+00,-6.377753295898437500e+02,2.570334228515625000e+03,-2.220393753051757812e+01,1.036486914062500000e+04,6.251328125000000000e+02,5.014267272949218750e+02,1.036486914062500000e+04,6.251328125000000000e+02,5.014267272949218750e+02,0.000000000000000000e+00,0.000000000000000000e+00,0.000000000000000000e+00,0.000000000000000000e+00,0.000000000000000000e+00,0.000000000000000000e+00,0.000000000000000000e+00,0.000000000000000000e+00,-1.579410058593750000e+04
-3.625795288085937500e+02,-3.213821411132812500e+01,6.886949707031250000e+03,-2.688589477539062500e+02,-2.383103942871093750e+01,5.106791503906250000e+03,-1.327897186279296875e+02,-1.177017593383789062e+01,2.522249755859375000e+03,-3.906906509399414062e+01,-3.462991952896118164e+00,7.420901489257812500e+02,4.115941467285156250e+02,-6.046081542968750000e+03,-6.544939517974853516e+00,3.096570129394531250e+02,-4.548683593750000000e+03,-4.923992156982421875e+00,-2.845352478027343750e+02,-2.464350097656250000e+03,-2.648000526428222656e+01,-8.364106750488281250e+01,-7.244124755859375000e+02,-7.783977031707763672e+00,6.659896972656250000e+03,4.529984741210937500e+02,3.527397155761718750e+02,6.659896972656250000e+03,4.529984741210937500e+02,3.527397155761718750e+02,0.000000000000000000e+00,-0.000000000000000000e+00,0.000000000000000000e+00,0.000000000000000000e+00,-0.000000000000000000e+00,0.000000000000000000e+00,0.000000000000000000e+00,0.000000000000000000e+00,-1.579410058593750000e+04
-2.875025939941406250e+02,-3.679399108886718750e+01,5.173977050781250000e+03,-3.614681396484375000e+02,-4.625994491577148438e+01,6.505081054687500000e+03,-5.588713836669921875e+01,-7.152320861816406250e+00,1.005760498046875000e+03,-1.298526916503906250e+02,-1.661828041076660156e+01,2.336865234375000000e+03,-3.898188476562500000e+02,5.145396972656250000e+03,1.492966461181640625e+01,-4.890442199707031250e+02,6.455117675781250000e+03,1.872989463806152344e+01,-2.552961883544921875e+02,9.656088867187500000e+02,-7.319266319274902344e+00,-5.927311401367187500e+02,2.241891845703125000e+03,-1.699342536926269531e+01,9.563087890625000000e+03,7.229495239257812500e+02,5.365336914062500000e+02,9.563087890625000000e+03,7.229495239257812500e+02,5.365336914062500000e+02,0.000000000000000000e+00,0.000000000000000000e+00,0.000000000000000000e+00,0.000000000000000000e+00,0.000000000000000000e+00,0.000000000000000000e+00,0.000000000000000000e+00,0.000000000000000000e+00,-1.579410058593750000e+04
-3.809221496582031250e+02,-6.250081634521484375e+01,6.742971679687500000e+03,-2.735518798828125000e+02,-4.488375854492187500e+01,4.842334960937500000e+03,-1.435115509033203125e+02,-2.354704093933105469e+01,2.540399169921875000e+03,-3.614127349853515625e+01,-5.929975986480712891e+00,6.397622070312500000e+02,4.372440490722656250e+02,-5.258177734375000000e+03,-2.403753471374511719e+01,3.168162536621093750e+02,-3.809945800781250000e+03,-1.741700363159179688e+01,-2.508059082031250000e+02,-2.500005859375000000e+03,-3.734109115600585938e+01,-6.313999176025390625e+01,-6.293725585937500000e+02,-9.400561332702636719e+00,5.555259765625000000e+03,4.604938354492187500e+02,3.180945739746093750e+02,5.555259765625000000e+03,4.604938354492187500e+02,3.180945739746093750e+02,0.000000000000000000e+00,-0.000000000000000000e+00,0.000000000000000000e+00,0.000000000000000000e+00,-0.000000000000000000e+00,0.000000000000000000e+00,0.000000000000000000e+00,0.000000000000000000e+00,-1.579410058593750000e+04
-2.726666870117187500e+02,-6.409901428222656250e+01,4.971292968750000000e+03,-3.226586608886718750e+02,-7.585121917724609375e+01,5.882752441406250000e+03,-7.479156494140625000e+01,-1.758214378356933594e+01,1.363608886718750000e+03,-1.247835235595703125e+02,-2.933435058593750000e+01,2.275068359375000000e+03,-4.446946105957031250e+02,4.947939453125000000e+03,3.940718078613281250e+01,-5.265114135742187500e+02,5.858282226562500000e+03,4.665747833251953125e+01,-3.644027709960937500e+02,1.306598388671875000e+03,-3.139793634414672852e+00,-6.077893066406250000e+02,2.179282470703125000e+03,-5.236878871917724609e+00,7.637612792968750000e+03,6.830216674804687500e+02,4.277164611816406250e+02,7.637612792968750000e+03,6.830216674804687500e+02,4.277164611816406250e+02,0.000000000000000000e+00,0.000000000000000000e+00,0.000000000000000000e+00,0.000000000000000000e+00,0.000000000000000000e+00,0.000000000000000000e+00,0.000000000000000000e+00,0.000000000000000000e+00,-1.579410058593750000e+04
-3.113634033203125000e+02,-9.348478698730468750e+01,6.158061035156250000e+03,-2.104678955078125000e+02,-6.319158554077148438e+01,4.162576660156250000e+03,-1.499666748046875000e+02,-4.502649307250976562e+01,2.966000000000000000e+03,-4.907119369506835938e+01,-1.473329925537109375e+01,9.705167846679687500e+02,4.213116760253906250e+02,-4.385295410156250000e+03,-4.527032089233398438e+01,2.830321655273437500e+02,-2.945989013671875000e+03,-3.041206169128417969e+01,-2.602228088378906250e+02,-2.930070556640625000e+03,-5.763842391967773438e+01,-8.514696502685546875e+01,-9.587423095703125000e+02,-1.885974884033203125e+01,3.652232177734375000e+03,3.489226074218750000e+02,1.899608612060546875e+02,3.652232177734375000e+03,3.489226074218750000e+02,1.899608612060546875e+02,0.000000000000000000e+00,-0.000000000000000000e+00,0.000000000000000000e+00,0.000000000000000000e+00,-0.000000000000000000e+00,0.000000000000000000e+00,0.000000000000000000e+00,0.000000000000000000e+00,-1.579410058593750000e+04
-1.887229003906250000e+02,-7.627951049804687500e+01,4.325990722656250000e+03,-2.168623962402343750e+02,-8.765315246582031250e+01,4.971017089843750000e+03,-9.048932647705078125e+01,-3.657469177246093750e+01,2.074236816406250000e+03,-1.186287765502929688e+02,-4.794831848144531250e+01,2.719261962890625000e+03,-4.294598388671875000e+02,4.250041015625000000e+03,5.620495986938476562e+01,-4.944119873046875000e+02,4.892823730468750000e+03,6.470548248291015625e+01,-5.617330932617187500e+02,1.987219360351562500e+03,1.053451824188232422e+01,-7.363599243164062500e+02,2.604989257812500000e+03,1.380940055847167969e+01,5.289595703125000000e+03,5.313295288085937500e+02,2.401293487548828125e+02,5.289595703125000000e+03,5.313295288085937500e+02,2.401293487548828125e+02,0.000000000000000000e+00,0.000000000000000000e+00,0.000000000000000000e+00,0.000000000000000000e+00,0.000000000000000000e+00,0.000000000000000000e+00,0.000000000000000000e+00,0.000000000000000000e+00,-1.579410058593750000e+04
-1.810623474121093750e+02,-9.268370056152343750e+01,5.227881347656250000e+03,-1.160093231201171875e+02,-5.938381958007812500e+01,3.349581054687500000e+03,-1.272408447265625000e+02,-6.513310241699218750e+01,3.673872802734375000e+03,-6.218777847290039062e+01,-3.183319854736328125e+01,1.795571166992187500e+03,3.563342895507812500e+02,-3.376721923828125000e+03,-4.752371215820312500e+01,2.246000976562500000e+02,-2.128372314453125000e+03,-2.995454216003417969e+01,-3.973415222167968750e+02,-3.610845947265625000e+03,-7.777722930908203125e+01,-1.942144012451171875e+02,-1.764925781250000000e+03,-3.801630783081054688e+01,1.766228393554687500e+03,1.854770355224609375e+02,6.445979309082031250e+01,1.766228393554687500e+03,1.854770355224609375e+02,6.445979309082031250e+01,0.000000000000000000e+00,-0.000000000000000000e+00,0.000000000000000000e+00,0.000000000000000000e+00,-0.000000000000000000e+00,0.000000000000000000e+00,0.000000000000000000e+00,0.000000000000000000e+00,-1.579410058593750000e+04
-8.437258148193359375e+01,-5.944311141967773438e+01,3.477252197265625000e+03,-1.005987777709960938e+02,-7.087496948242187500e+01,4.145983398437500000e+03,-7.126210784912109375e+01,-5.020637512207031250e+01,2.936929443359375000e+03,-8.748829650878906250e+01,-6.163823318481445312e+01,3.605660400390625000e+03,-3.599495239257812500e+02,3.314918945312500000e+03,4.793417739868164062e+01,-4.292249145507812500e+02,3.952903564453125000e+03,5.715951919555664062e+01,-6.819657592773437500e+02,2.855398681640625000e+03,3.226529693603515625e+01,-8.372698364257812500e+02,3.505658691406250000e+03,3.961307144165039062e+01,3.260166503906250000e+03,3.527732238769531250e+02,8.513579559326171875e+01,3.260166503906250000e+03,3.527732238769531250e+02,8.513579559326171875e+01,0.000000000000000000e+00,0.000000000000000000e+00,0.000000000000000000e+00,0.000000000000000000e+00,0.000000000000000000e+00,0.000000000000000000e+00,0.000000000000000000e+00,0.000000000000000000e+00,-1.579410058593750000e+04
-5.992168426513671875e+01,-6.758969879150390625e+01,4.430196289062500000e+03,-3.665190887451171875e+01,-4.134215545654296875e+01,2.709789550781250000e+03,-6.109974288940429688e+01,-6.891851043701171875e+01,4.517293945312500000e+03,-3.782998275756835938e+01,-4.267098236083984375e+01,2.796888183593750000e+03,3.313573303222656250e+02,-2.976060058593750000e+03,-4.092268371582031250e+01,2.002359161376953125e+02,-1.798403320312500000e+03,-2.472916984558105469e+01,-1.459004272460937500e+03,4.263440917968750000e+03,4.531147003173828125e+01,-9.034386596679687500e+02,2.639990234375000000e+03,2.805758094787597656e+01,4.428078125000000000e+03,4.920995178222656250e+02,6.740079498291015625e+01,4.428078125000000000e+03,4.920995178222656250e+02,6.740079498291015625e+01,0.000000000000000000e+00,0.000000000000000000e+00,0.000000000000000000e+00,0.000000000000000000e+00,0.000000000000000000e+00,0.000000000000000000e+00,0.000000000000000000e+00,0.000000000000000000e+00,-1.579410058593750000e+04
-1.523733234405517578e+01,-1.239853973388671875e+02,4.435273925781250000e+03,-9.327780723571777344e+00,-7.589967346191406250e+01,2.715125000000000000e+03,-1.634892082214355469e+01,-1.330303344726562500e+02,4.758834472656250000e+03,-1.043937015533447266e+01,-8.494462585449218750e+01,3.038686035156250000e+03,-4.590234375000000000e+01,3.895990905761718750e+02,1.073330974578857422e+01,-3.801592636108398438e+01,3.226626281738281250e+02,8.889234542846679688e+00,-1.691017700195312500e+03,4.440185058593750000e+03,1.183132095336914062e+02,-1.079235473632812500e+03,2.833799316406250000e+03,7.550944519042968750e+01,5.331842285156250000e+03,6.272069091796875000e+02,3.585067367553710938e+01,5.331842285156250000e+03,6.272069091796875000e+02,3.585067367553710938e+01,0.000000000000000000e+00,0.000000000000000000e+00,0.000000000000000000e+00,0.000000000000000000e+00,0.000000000000000000e+00,0.000000000000000000e+00,0.000000000000000000e+00,0.000000000000000000e+00,-1.579410058593750000e+04
1.536976051330566406e+01,-2.071374664306640625e+02,5.164677734375000000e+03,7.408096313476562500e+00,-9.983853149414062500e+01,2.489331542968750000e+03,1.584566593170166016e+01,-2.135512237548828125e+02,5.324595214843750000e+03,7.884001255035400391e+00,-1.062522811889648438e+02,2.649249023437500000e+03,1.707138824462890625e+02,-1.311650878906250000e+03,-5.311383819580078125e+01,6.853104400634765625e+01,-5.265465698242187500e+02,-2.132191658020019531e+01,-2.114645996093750000e+03,4.856189453125000000e+03,2.010581207275390625e+02,-1.049615112304687500e+03,2.410393798828125000e+03,9.979619598388671875e+01,5.911788085937500000e+03,7.688942260742187500e+02,1.324458885192871094e+01,5.911788085937500000e+03,7.688942260742187500e+02,1.324458885192871094e+01,0.000000000000000000e+00,0.000000000000000000e+00,0.000000000000000000e+00,0.000000000000000000e+00,0.000000000000000000e+00,0.000000000000000000e+00,0.000000000000000000e+00,0.000000000000000000e+00,-1.579410058593750000e+04
3.146007537841796875e+01,-3.024832763671875000e+02,5.675962890625000000e+03,1.566631698608398438e+01,-1.506289672851562500e+02,2.826485107421875000e+03,2.971821212768554688e+01,-2.857355346679687500e+02,5.361699218750000000e+03,1.392445373535156250e+01,-1.338812408447265625e+02,2.512221679687500000e+03,-2.056002960205078125e+02,1.392668212890625000e+03,7.535761260986328125e+01,-1.324663696289062500e+02,8.972832031250000000e+02,4.855221176147460938e+01,-2.320205078125000000e+03,4.812812011718750000e+03,2.693444213867187500e+02,-1.083572875976562500e+03,2.247660400390625000e+03,1.257881622314453125e+02,6.082893554687500000e+03,8.972575073242187500e+02,1.410106277465820312e+01,6.082893554687500000e+03,8.972575073242187500e+02,1.410106277465820312e+01,0.000000000000000000e+00,0.000000000000000000e+00,0.000000000000000000e+00,0.000000000000000000e+00,0.000000000000000000e+00,0.000000000000000000e+00,0.000000000000000000e+00,0.000000000000000000e+00,-1.579410058593750000e+04
3.071004295349121094e+01,-4.331932678222656250e+02,6.547192382812500000e+03,1.378794860839843750e+01,-1.944916381835937500e+02,2.939505859375000000e+03,2.617891883850097656e+01,-3.692776184082031250e+02,5.581185058593750000e+03,9.256830215454101562e+00,-1.305760650634765625e+02,1.973499389648437500e+03,-1.422406291961669922e+01,8.377106475830078125e+01,5.609409332275390625e+00,-4.994533920288085938e+01,2.941476135253906250e+02,1.969647216796875000e+01,-2.552448730468750000e+03,4.903997070312500000e+03,3.364441223144531250e+02,-8.944436035156250000e+02,1.718486572265625000e+03,1.178986663818359375e+02,6.468583984375000000e+03,1.095523071289062500e+03,4.214368438720703125e+01,6.468583984375000000e+03,1.095523071289062500e+03,4.214368438720703125e+01,0.000000000000000000e+00,0.000000000000000000e+00,0.000000000000000000e+00,0.000000000000000000e+00,0.000000000000000000e+00,0.000000000000000000e+00,0.000000000000000000e+00,0.000000000000000000e+00,-1.579410058593750000e+04
9.387915611267089844e+00,-5.487750854492187500e+02,7.026402343750000000e+03,4.576117515563964844e+00,-2.674991455078125000e+02,3.425003417968750000e+03,7.085890769958496094e+00,-4.142091369628906250e+02,5.303447753906250000e+03,2.274092197418212891e+00,-1.329331359863281250e+02,1.702048339843750000e+03,-5.612917480468750000e+02,2.866065429687500000e+03,2.245950012207031250e+02,-3.288373718261718750e+02,1.679107910156250000e+03,1.315808258056640625e+02,-2.959779052734375000e+03,4.359845214843750000e+03,3.444665527343750000e+02,-9.519956665039062500e+02,1.402318847656250000e+03,1.107956695556640625e+02,5.598427246093750000e+03,1.090312011718750000e+03,7.767539215087890625e+01,5.598427246093750000e+03,1.090312011718750000e+03,7.767539215087890625e+01,0.000000000000000000e+00,0.000000000000000000e+00,0.000000000000000000e+00,0.000000000000000000e+00,0.000000000000000000e+00,0.000000000000000000e+00,0.000000000000000000e+00,0.000000000000000000e+00,-1.579410058593750000e+04
-2.223693466186523438e+01,-6.708388061523437500e+02,7.585048828125000000e+03,-1.008393573760986328e+01,-3.042098999023437500e+02,3.439644287109375000e+03,-1.553795337677001953e+01,-4.687454833984375000e+02,5.300017578125000000e+03,-3.384950876235961914e+00,-1.021164321899414062e+02,1.154611328125000000e+03,-2.601126708984375000e+02,1.157830688476562500e+03,1.016385879516601562e+02,-1.874650726318359375e+02,8.344569702148437500e+02,7.325166320800781250e+01,-2.640148437500000000e+03,4.497795898437500000e+03,3.900551452636718750e+02,-5.649572143554687500e+02,9.624694824218750000e+02,8.346669006347656250e+01,5.942850585937500000e+03,1.323289062500000000e+03,1.344571838378906250e+02,5.942850585937500000e+03,1.323289062500000000e+03,1.344571838378906250e+02,0.000000000000000000e+00,0.000000000000000000e+00,0.000000000000000000e+00,0.000000000000000000e+00,0.000000000000000000e+00,0.000000000000000000e+00,0.000000000000000000e+00,0.000000000000000000e+00,-1.579410058593750000e+04
-5.306510162353515625e+01,-7.245601806640625000e+02,7.555463867187500000e+03,-2.641583251953125000e+01,-3.606864013671875000e+02,3.761113525390625000e+03,-3.348013305664062500e+01,-4.571435852050781250e+02,4.766936035156250000e+03,-6.830851554870605469e+00,-9.326964569091796875e+01,9.725837402343750000e+02,-9.849414062500000000e+02,3.857479248046875000e+03,3.630101013183593750e+02,-5.465650024414062500e+02,2.140597412109375000e+03,2.014420471191406250e+02,-2.526084228515625000e+03,4.000208496093750000e+03,3.658735961914062500e+02,-5.100546569824218750e+02,8.077026977539062500e+02,7.387541961669921875e+01,6.141386718750000000e+03,1.550050415039062500e+03,1.917814941406250000e+02,6.141386718750000000e+03,1.550050415039062500e+03,1.917814941406250000e+02,0.000000000000000000e+00,0.000000000000000000e+00,0.000000000000000000e+00,0.000000000000000000e+00,0.000000000000000000e+00,0.000000000000000000e+00,0.000000000000000000e+00,0.000000000000000000e+00,-1.579410058593750000e+04
-8.162345123291015625e+01,-7.755772094726562500e+02,7.709305175781250000e+03,-3.796224975585937500e+01,-3.607131652832031250e+02,3.585520507812500000e+03,-4.818787765502929688e+01,-4.578759460449218750e+02,4.551327148437500000e+03,-4.526673793792724609e+00,-4.301195907592773438e+01,4.275426635742187500e+02,-5.411964721679687500e+02,1.885111572265625000e+03,1.839173889160156250e+02,-3.145484313964843750e+02,1.095644287109375000e+03,1.068944931030273438e+02,-2.424484130859375000e+03,3.748911621093750000e+03,3.514812011718750000e+02,-2.232014923095703125e+02,3.451301879882812500e+02,3.235786437988281250e+01,6.413375488281250000e+03,1.816758666992187500e+03,2.506734771728515625e+02,6.413375488281250000e+03,1.816758666992187500e+03,2.506734771728515625e+02,0.000000000000000000e+00,0.000000000000000000e+00,0.000000000000000000e+00,0.000000000000000000e+00,0.000000000000000000e+00,0.000000000000000000e+00,0.000000000000000000e+00,0.000000000000000000e+00,-1.579410058593750000e+04
-9.773294067382812500e+01,-7.390927734375000000e+02,7.248395507812500000e+03,-5.097973251342773438e+01,-3.855276794433593750e+02,3.780928710937500000e+03,-5.190908813476562500e+01,-3.925558166503906250e+02,3.849854492187500000e+03,-5.155863285064697266e+00,-3.899055099487304688e+01,3.823862915039062500e+02,-1.282668945312500000e+03,4.019872070312500000e+03,3.925971984863281250e+02,-7.033768310546875000e+02,2.204375976562500000e+03,2.152884216308593750e+02,-2.080514404296875000e+03,3.157870361328125000e+03,2.939443664550781250e+02,-2.026063232421875000e+02,3.075222778320312500e+02,2.862512588500976562e+01,6.492008300781250000e+03,2.042593017578125000e+03,2.958101501464843750e+02,6.492008300781250000e+03,2.042593017578125000e+03,2.958101501464843750e+02,0.000000000000000000e+00,0.000000000000000000e+00,0.000000000000000000e+00,0.000000000000000000e+00,0.000000000000000000e+00,0.000000000000000000e+00,0.000000000000000000e+00,0.000000000000000000e+00,-1.579410058593750000e+04
-1.119174270629882812e+02,-6.982011108398437500e+02,7.021838867187500000e+03,-5.695097351074218750e+01,-3.552907714843750000e+02,3.573175048828125000e+03,-5.615956497192382812e+01,-3.503535461425781250e+02,3.523520996093750000e+03,-1.193106651306152344e+00,-7.443240642547607422e+00,7.485700225830078125e+01,-9.231820678710937500e+02,2.632440917968750000e+03,2.470368499755859375e+02,-5.002587890625000000e+02,1.426480957031250000e+03,1.338656311035156250e+02,-1.921977050781250000e+03,2.840857421875000000e+03,2.518410186767578125e+02,-3.994968032836914062e+01,5.904927444458007812e+01,5.234697341918945312e+00,6.926807617187500000e+03,2.396469726562500000e+03,3.486904602050781250e+02,6.926807617187500000e+03,2.396469726562500000e+03,3.486904602050781250e+02,0.000000000000000000e+00,0.000000000000000000e+00,0.000000000000000000e+00,0.000000000000000000e+00,0.000000000000000000e+00,0.000000000000000000e+00,0.000000000000000000e+00,0.000000000000000000e+00,-1.579410058593750000e+04
-1.137486572265625000e+02,-6.155656738281250000e+02,6.483093261718750000e+03,-6.387994766235351562e+01,-3.456946411132812500e+02,3.640830810546875000e+03,-5.219394683837890625e+01,-2.824543457031250000e+02,2.974788574218750000e+03,-2.325234174728393555e+00,-1.258330726623535156e+01,1.325264739990234375e+02,-1.245900634765625000e+03,3.268632568359375000e+03,2.884948120117187500e+02,-7.134283447265625000e+02,1.871686401367187500e+03,1.651980743408203125e+02,-1.649526611328125000e+03,2.389500488281250000e+03,1.979399566650390625e+02,-7.218928527832031250e+01,1.045732421875000000e+02,8.662572860717773438e+00,7.196117675781250000e+03,2.709087890625000000e+03,3.834852294921875000e+02,7.196117675781250000e+03,2.709087890625000000e+03,3.834852294921875000e+02,0.000000000000000000e+00,0.000000000000000000e+00,0.000000000000000000e+00,0.000000000000000000e+00,0.000000000000000000e+00,0.000000000000000000e+00,0.000000000000000000e+00,0.000000000000000000e+00,-1.579410058593750000e+04
-1.172111587524414062e+02,-5.362250976562500000e+02,6.119904296875000000e+03,-6.899935150146484375e+01,-3.156626281738281250e+02,3.602638427734375000e+03,-5.101776123046875000e+01,-2.333993072509765625e+02,2.663772216796875000e+03,-2.805942773818969727e+00,-1.283680534362792969e+01,1.465056915283203125e+02,-1.120276611328125000e+03,2.729350585937500000e+03,2.176892242431640625e+02,-6.697307739257812500e+02,1.631677490234375000e+03,1.301403350830078125e+02,-1.597222656250000000e+03,2.112755371093750000e+03,1.545285491943359375e+02,-8.748663330078125000e+01,1.157245407104492188e+02,8.464181900024414062e+00,7.578171875000000000e+03,3.077418457031250000e+03,4.147834472656250000e+02,7.578171875000000000e+03,3.077418457031250000e+03,4.147834472656250000e+02,0.000000000000000000e+00,0.000000000000000000e+00,0.000000000000000000e+00,0.000000000000000000e+00,0.000000000000000000e+00,0.000000000000000000e+00,0.000000000000000000e+00,0.000000000000000000e+00,-1.579410058593750000e+04
-1.175043716430664062e+02,-4.637868041992187500e+02,5.799737304687500000e+03,-7.426448822021484375e+01,-2.931200561523437500e+02,3.665519042968750000e+03,-4.915679550170898438e+01,-1.940206298828125000e+02,2.426262695312500000e+03,-5.916889667510986328e+00,-2.335381507873535156e+01,2.920436401367187500e+02,-1.124750122070312500e+03,2.566196289062500000e+03,1.824228973388671875e+02,-7.204176635742187500e+02,1.643683471679687500e+03,1.168443222045898438e+02,-1.438698242187500000e+03,1.920177856445312500e+03,1.244021453857421875e+02,-1.721958007812500000e+02,2.298234405517578125e+02,1.488952064514160156e+01,7.758386230468750000e+03,3.370127441406250000e+03,4.266856994628906250e+02,7.758386230468750000e+03,3.370127441406250000e+03,4.266856994628906250e+02,0.000000000000000000e+00,0.000000000000000000e+00,0.000000000000000000e+00,0.000000000000000000e+00,0.000000000000000000e+00,0.000000000000000000e+00,0.000000000000000000e+00,0.000000000000000000e+00,-1.579410058593750000e+04
-1.185703582763671875e+02,-4.086965026855468750e+02,5.635277832031250000e+03,-7.892281341552734375e+01,-2.720366210937500000e+02,3.750954101562500000e+03,-4.956797409057617188e+01,-1.708543243408203125e+02,2.355810791015625000e+03,-9.920460700988769531e+00,-3.419453048706054688e+01,4.714884643554687500e+02,-1.082088623046875000e+03,2.327460693359375000e+03,1.460303344726562500e+02,-7.342023315429687500e+02,1.579193359375000000e+03,9.908228302001953125e+01,-1.519095581054687500e+03,1.797916992187500000e+03,9.843040466308593750e+01,-3.039923706054687500e+02,3.597884216308593750e+02,1.969730567932128906e+01,8.092270507812500000e+03,3.734601074218750000e+03,4.411179199218750000e+02,8.092270507812500000e+03,3.734601074218750000e+03,4.411179199218750000e+02,0.000000000000000000e+00,0.000000000000000000e+00,0.000000000000000000e+00,0.000000000000000000e+00,0.000000000000000000e+00,0.000000000000000000e+00,0.000000000000000000e+00,0.000000000000000000e+00,-1.579410058593750000e+04
-1.196020278930664062e+02,-3.758042297363281250e+02,5.637462402343750000e+03,-8.208032226562500000e+01,-2.579064331054687500e+02,3.868870361328125000e+03,-5.145315933227539062e+01,-1.616721343994140625e+02,2.425253662109375000e+03,-1.393146800994873047e+01,-4.377437973022460938e+01,6.566621704101562500e+02,-1.049966064453125000e+03,2.140295898437500000e+03,1.204006652832031250e+02,-7.413103637695312500e+02,1.511118896484375000e+03,8.500680541992187500e+01,-1.499660522460937500e+03,1.882995971679687500e+03,9.370802307128906250e+01,-4.050765686035156250e+02,5.086201782226562500e+02,2.531167984008789062e+01,8.161504394531250000e+03,3.979130859375000000e+03,4.384077148437500000e+02,8.161504394531250000e+03,3.979130859375000000e+03,4.384077148437500000e+02,0.000000000000000000e+00,0.000000000000000000e+00,0.000000000000000000e+00,0.000000000000000000e+00,0.000000000000000000e+00,0.000000000000000000e+00,0.000000000000000000e+00,0.000000000000000000e+00,-1.579410058593750000e+04
-1.194383850097656250e+02,-3.656144104003906250e+02,5.789148437500000000e+03,-8.244293975830078125e+01,-2.523671875000000000e+02,3.995988769531250000e+03,-5.396593093872070312e+01,-1.651958312988281250e+02,2.615715087890625000e+03,-1.697048568725585938e+01,-5.194857788085937500e+01,8.225551757812500000e+02,-1.043225830078125000e+03,2.023244506835937500e+03,1.062550277709960938e+02,-7.491259155273437500e+02,1.452863647460937500e+03,7.630025482177734375e+01,-1.766708740234375000e+03,1.925048095703125000e+03,8.512694549560546875e+01,-5.556999511718750000e+02,6.055039672851562500e+02,2.677580070495605469e+01,8.350336914062500000e+03,4.282352539062500000e+03,4.427318420410156250e+02,8.350336914062500000e+03,4.282352539062500000e+03,4.427318420410156250e+02,0.000000000000000000e+00,0.000000000000000000e+00,0.000000000000000000e+00,0.000000000000000000e+00,0.000000000000000000e+00,0.000000000000000000e+00,0.000000000000000000e+00,0.000000000000000000e+00,-1.579410058593750000e+04
-1.162897109985351562e+02,-3.775108947753906250e+02,6.057155273437500000e+03,-7.911749267578125000e+01,-2.568388366699218750e+02,4.120974609375000000e+03,-5.525861740112304688e+01,-1.793858642578125000e+02,2.878242919921875000e+03,-1.808638572692871094e+01,-5.871377563476562500e+01,9.420614624023437500e+02,-1.066496704101562500e+03,1.973289916992187500e+03,1.025094909667968750e+02,-7.635211181640625000e+02,1.412708007812500000e+03,7.338808441162109375e+01,-1.826461181640625000e+03,2.189716308593750000e+03,1.014078598022460938e+02,-5.968243408203125000e+02,7.155235595703125000e+02,3.313658142089843750e+01,8.204022460937500000e+03,4.411532714843750000e+03,4.324546508789062500e+02,8.204022460937500000e+03,4.411532714843750000e+03,4.324546508789062500e+02,0.000000000000000000e+00,0.000000000000000000e+00,0.000000000000000000e+00,0.000000000000000000e+00,0.000000000000000000e+00,0.000000000000000000e+00,0.000000000000000000e+00,0.000000000000000000e+00,-1.579410058593750000e+04
-1.079700546264648438e+02,-4.088214721679687500e+02,6.383317871093750000e+03,-7.129702758789062500e+01,-2.699614868164062500e+02,4.215165039062500000e+03,-5.367606735229492188e+01,-2.032408752441406250e+02,3.173392822265625000e+03,-1.700304031372070312e+01,-6.438088226318359375e+01,1.005239929199218750e+03,-1.130379516601562500e+03,1.998958374023437500e+03,1.089041748046875000e+02,-7.941547241210937500e+02,1.404379882812500000e+03,7.651126098632812500e+01,-2.219514160156250000e+03,2.261579345703125000e+03,1.073017272949218750e+02,-7.032058715820312500e+02,7.165333251953125000e+02,3.399626922607421875e+01,8.225277343750000000e+03,4.627538574218750000e+03,4.354978027343750000e+02,8.225277343750000000e+03,4.627538574218750000e+03,4.354978027343750000e+02,0.000000000000000000e+00,0.000000000000000000e+00,0.000000000000000000e+00,0.000000000000000000e+00,0.000000000000000000e+00,0.000000000000000000e+00,0.000000000000000000e+00,0.000000000000000000e+00,-1.579410058593750000e+04
-9.304003143310546875e+01,-4.550452270507812500e+02,6.710703125000000000e+03,-5.916918563842773438e+01,-2.893878479003906250e+02,4.267698730468750000e+03,-4.779161834716796875e+01,-2.337418365478515625e+02,3.447068359375000000e+03,-1.392077541351318359e+01,-6.808448028564453125e+01,1.004064514160156250e+03,-1.229937011718750000e+03,2.081298828125000000e+03,1.240781784057617188e+02,-8.391179809570312500e+02,1.419955078125000000e+03,8.465167236328125000e+01,-2.148584960937500000e+03,2.555136230468750000e+03,1.434720306396484375e+02,-6.242195434570312500e+02,7.423331298828125000e+02,4.168233871459960938e+01,7.925671875000000000e+03,4.658268554687500000e+03,4.257568359375000000e+02,7.925671875000000000e+03,4.658268554687500000e+03,4.257568359375000000e+02,0.000000000000000000e+00,0.000000000000000000e+00,0.000000000000000000e+00,0.000000000000000000e+00,0.000000000000000000e+00,0.000000000000000000e+00,0.000000000000000000e+00,0.000000000000000000e+00,-1.579410058593750000e+04
-7.173268890380859375e+01,-5.085440063476562500e+02,6.982486816406250000e+03,-4.385317611694335938e+01,-3.108941345214843750e+02,4.268685058593750000e+03,-3.759909439086914062e+01,-2.665562133789062500e+02,3.659909912109375000e+03,-9.719589233398437500e+00,-6.890636444091796875e+01,9.461084594726562500e+02,-1.378015502929687500e+03,2.233484619140625000e+03,1.485110626220703125e+02,-9.063141479492187500e+02,1.468952148437500000e+03,9.767501831054687500e+01,-2.634483154296875000e+03,2.531306884765625000e+03,1.572938995361328125e+02,-6.811012573242187500e+02,6.544267578125000000e+02,4.066568756103515625e+01,7.817570800781250000e+03,4.794725585937500000e+03,4.295180969238281250e+02,7.817570800781250000e+03,4.794725585937500000e+03,4.295180969238281250e+02,0.000000000000000000e+00,0.000000000000000000e+00,0.000000000000000000e+00,0.000000000000000000e+00,0.000000000000000000e+00,0.000000000000000000e+00,0.000000000000000000e+00,0.000000000000000000e+00,-1.579410058593750000e+04
-4.517550277709960938e+01,-5.614594116210937500e+02,7.166790527343750000e+03,-2.644627761840820312e+01,-3.286850280761718750e+02,4.195524414062500000e+03,-2.398206901550292969e+01,-2.980588378906250000e+02,3.804594238281250000e+03,-5.252837657928466797e+00,-6.528439331054687500e+01,8.333274536132812500e+02,-1.508603271484375000e+03,2.344227294921875000e+03,1.741416320800781250e+02,-9.503103027343750000e+02,1.476692504882812500e+03,1.096965560913085938e+02,-2.454320312500000000e+03,2.746433349609375000e+03,1.996899108886718750e+02,-5.368064575195312500e+02,6.006970825195312500e+02,4.367597198486328125e+01,7.485709472656250000e+03,4.785993164062500000e+03,4.221292419433593750e+02,7.485709472656250000e+03,4.785993164062500000e+03,4.221292419433593750e+02,0.000000000000000000e+00,0.000000000000000000e+00,0.000000000000000000e+00,0.000000000000000000e+00,0.000000000000000000e+00,0.000000000000000000e+00,0.000000000000000000e+00,0.000000000000000000e+00,-1.579410058593750000e+04
-1.633742904663085938e+01,-6.029791259765625000e+02,7.224350585937500000e+03,-9.238252639770507812e+00,-3.409638977050781250e+02,4.085121093750000000e+03,-8.687613487243652344e+00,-3.206409912109375000e+02,3.841630371093750000e+03,-1.588432550430297852e+00,-5.862560272216796875e+01,7.023989868164062500e+02,-1.683204589843750000e+03,2.510566406250000000e+03,2.057375183105468750e+02,-1.015334167480468750e+03,1.514411132812500000e+03,1.241039352416992188e+02,-2.830775878906250000e+03,2.585353515625000000e+03,2.093844451904296875e+02,-5.176032714843750000e+02,4.727281799316406250e+02,3.828564453125000000e+01,7.318083007812500000e+03,4.871717285156250000e+03,4.231664428710937500e+02,7.318083007812500000e+03,4.871717285156250000e+03,4.231664428710937500e+02,0.000000000000000000e+00,0.000000000000000000e+00,0.000000000000000000e+00,0.000000000000000000e+00,0.000000000000000000e+00,0.000000000000000000e+00,0.000000000000000000e+00,0.000000000000000000e+00,-1.579410058593750000e+04
1.102216625213623047e+01,-6.264669799804687500e+02,7.164599121093750000e+03,6.037956237792968750e+00,-3.431793823242187500e+02,3.924776123046875000e+03,5.854677677154541016e+00,-3.327623596191406250e+02,3.805641845703125000e+03,8.704683780670166016e-01,-4.947481918334960938e+01,5.658195190429687500e+02,-1.796563964843750000e+03,2.576135009765625000e+03,2.280191345214843750e+02,-1.039645141601562500e+03,1.490771606445312500e+03,1.319513244628906250e+02,-2.889689697265625000e+03,2.450334228515625000e+03,2.187008972167968750e+02,-4.296716918945312500e+02,3.643433532714843750e+02,3.251892089843750000e+01,6.680138183593750000e+03,4.623768066406250000e+03,3.940218811035156250e+02,6.680138183593750000e+03,4.623768066406250000e+03,3.940218811035156250e+02,0.000000000000000000e+00,0.000000000000000000e+00,0.000000000000000000e+00,0.000000000000000000e+00,0.000000000000000000e+00,0.000000000000000000e+00,0.000000000000000000e+00,0.000000000000000000e+00,-1.579410058593750000e+04
3.471227645874023438e+01,-6.216086425781250000e+02,6.941633300781250000e+03,1.862161254882812500e+01,-3.334657287597656250e+02,3.723881591796875000e+03,1.858015060424804688e+01,-3.327232666015625000e+02,3.715590087890625000e+03,2.489487171173095703e+00,-4.458038711547851562e+01,4.978384704589843750e+02,-1.883693481445312500e+03,2.602218505859375000e+03,2.424427642822265625e+02,-1.052418090820312500e+03,1.453857421875000000e+03,1.354525909423828125e+02,-2.786770507812500000e+03,2.444933349609375000e+03,2.328741302490234375e+02,-3.734016723632812500e+02,3.275986022949218750e+02,3.120299530029296875e+01,6.438799316406250000e+03,4.625327148437500000e+03,3.819905700683593750e+02,6.438799316406250000e+03,4.625327148437500000e+03,3.819905700683593750e+02,0.000000000000000000e+00,0.000000000000000000e+00,0.000000000000000000e+00,0.000000000000000000e+00,0.000000000000000000e+00,0.000000000000000000e+00,0.000000000000000000e+00,0.000000000000000000e+00,-1.579410058593750000e+04
5.244915390014648438e+01,-5.922808837890625000e+02,6.630962402343750000e+03,2.788753890991210938e+01,-3.149194030761718750e+02,3.525723632812500000e+03,2.831588935852050781e+01,-3.197565307617187500e+02,3.579878417968750000e+03,3.754271507263183594e+00,-4.239502716064453125e+01,4.746393737792968750e+02,-1.913525634765625000e+03,2.552682128906250000e+03,2.431423339843750000e+02,-1.045903076171875000e+03,1.395255981445312500e+03,1.328977813720703125e+02,1.839946899414062500e+03,-2.847646240234375000e+03,-2.689066772460937500e+02,2.443495330810546875e+02,-3.781744995117187500e+02,-3.571147918701171875e+01,5.777863769531250000e+03,4.298944335937500000e+03,3.382825317382812500e+02,5.777863769531250000e+03,4.298944335937500000e+03,3.382825317382812500e+02,0.000000000000000000e+00,0.000000000000000000e+00,0.000000000000000000e+00,0.000000000000000000e+00,0.000000000000000000e+00,0.000000000000000000e+00,0.000000000000000000e+00,0.000000000000000000e+00,-1.579410058593750000e+04
2.864010810852050781e+01,-4.499990844726562500e+02,5.601897949218750000e+03,2.079279708862304688e+01,-3.267005615234375000e+02,4.066993164062500000e+03,1.422526264190673828e+01,-2.235101470947265625e+02,2.782408203125000000e+03,6.377948284149169922e+00,-1.002115859985351562e+02,1.247502807617187500e+03,-2.302259521484375000e+03,2.990013183593750000e+03,2.519575042724609375e+02,-1.634096435546875000e+03,2.122250000000000000e+03,1.788342742919921875e+02,-2.108824462890625000e+03,1.799469360351562500e+03,1.553324584960937500e+02,-9.457177124023437500e+02,8.069851684570312500e+02,6.965998077392578125e+01,5.390086425781250000e+03,4.124676757812500000e+03,3.037770385742187500e+02,5.390086425781250000e+03,4.124676757812500000e+03,3.037770385742187500e+02,0.000000000000000000e+00,0.000000000000000000e+00,0.000000000000000000e+00,0.000000000000000000e+00,0.000000000000000000e+00,0.000000000000000000e+00,0.000000000000000000e+00,0.000000000000000000e+00,-1.579410058593750000e+04
4.971305370330810547e+00,-3.780249633789062500e+02,5.510946289062500000e+03,3.307558774948120117e+00,-2.515113525390625000e+02,3.666598144531250000e+03,2.713290452957153320e+00,-2.063223724365234375e+02,3.007821289062500000e+03,1.049543023109436035e+00,-7.980870819091796875e+01,1.163472167968750000e+03,-1.431080566406250000e+03,1.824097290039062500e+03,1.264154205322265625e+02,-9.453342285156250000e+02,1.204950805664062500e+03,8.350671386718750000e+01,1.542001831054687500e+03,-2.353087158203125000e+03,-1.628016967773437500e+02,5.974770507812500000e+02,-9.117470092773437500e+02,-6.308051681518554688e+01,4.905476562500000000e+03,3.830647949218750000e+03,2.583392333984375000e+02,4.905476562500000000e+03,3.830647949218750000e+03,2.583392333984375000e+02,0.000000000000000000e+00,0.000000000000000000e+00,0.000000000000000000e+00,0.000000000000000000e+00,0.000000000000000000e+00,0.000000000000000000e+00,0.000000000000000000e+00,0.000000000000000000e+00,-1.579410058593750000e+04
-1.296159934997558594e+01,-2.655752258300781250e+02,4.679908691406250000e+03,-1.130579090118408203e+01,-2.316487274169921875e+02,4.082063232421875000e+03,-6.996890544891357422e+00,-1.433619995117187500e+02,2.526293945312500000e+03,-5.341080188751220703e+00,-1.094354629516601562e+02,1.928447875976562500e+03,-1.491708007812500000e+03,1.878981079101562500e+03,1.024968566894531250e+02,-1.259334716796875000e+03,1.586279663085937500e+03,8.653024291992187500e+01,-1.911085083007812500e+03,1.645171264648437500e+03,8.806710815429687500e+01,-1.458988281250000000e+03,1.255980468750000000e+03,6.723346710205078125e+01,4.218809570312500000e+03,3.338308105468750000e+03,2.011266937255859375e+02,4.218809570312500000e+03,3.338308105468750000e+03,2.011266937255859375e+02,0.000000000000000000e+00,0.000000000000000000e+00,0.000000000000000000e+00,0.000000000000000000e+00,0.000000000000000000e+00,0.000000000000000000e+00,0.000000000000000000e+00,0.000000000000000000e+00,-1.579410058593750000e+04
-2.479093933105468750e+01,-2.167969665527343750e+02,4.750355468750000000e+03,-1.893203926086425781e+01,-1.655608367919921875e+02,3.627693115234375000e+03,-1.576045989990234375e+01,-1.378253479003906250e+02,3.019965576171875000e+03,-9.901559829711914062e+00,-8.658921813964843750e+01,1.897303222656250000e+03,-5.352404785156250000e+02,6.696219482421875000e+02,2.776695251464843750e+01,-4.041687316894531250e+02,5.056423034667968750e+02,2.096727371215820312e+01,1.573819213867187500e+03,-2.457016601562500000e+03,-1.039200744628906250e+02,9.890198364257812500e+02,-1.544039062500000000e+03,-6.530548095703125000e+01,3.873596191406250000e+03,3.089548095703125000e+03,1.612162933349609375e+02,3.873596191406250000e+03,3.089548095703125000e+03,1.612162933349609375e+02,0.000000000000000000e+00,0.000000000000000000e+00,0.000000000000000000e+00,0.000000000000000000e+00,0.000000000000000000e+00,0.000000000000000000e+00,0.000000000000000000e+00,0.000000000000000000e+00,-1.579410058593750000e+04
-2.901201438903808594e+01,-1.376614837646484375e+02,3.985323730468750000e+03,-3.039862632751464844e+01,-1.442409362792968750e+02,4.175799804687500000e+03,-1.918654823303222656e+01,-9.103982543945312500e+01,2.635618652343750000e+03,-2.057315826416015625e+01,-9.761926269531250000e+01,2.826094482421875000e+03,-8.608366088867187500e+02,1.073997070312500000e+03,3.083148384094238281e+01,-8.718698730468750000e+02,1.087762451171875000e+03,3.122664833068847656e+01,-1.965135620117187500e+03,1.755529907226562500e+03,4.633409118652343750e+01,-2.107184570312500000e+03,1.882427612304687500e+03,4.968333053588867188e+01,2.858879150390625000e+03,2.288598876953125000e+03,9.986485290527343750e+01,2.858879150390625000e+03,2.288598876953125000e+03,9.986485290527343750e+01,0.000000000000000000e+00,0.000000000000000000e+00,0.000000000000000000e+00,0.000000000000000000e+00,0.000000000000000000e+00,0.000000000000000000e+00,0.000000000000000000e+00,0.000000000000000000e+00,-1.579410058593750000e+04
-3.355380249023437500e+01,-1.090990676879882812e+02,4.339586425781250000e+03,-2.807039451599121094e+01,-9.126995086669921875e+01,3.630405273437500000e+03,-2.653047943115234375e+01,-8.626296997070312500e+01,3.431244628906250000e+03,-2.104708290100097656e+01,-6.843388366699218750e+01,2.722064941406250000e+03,1.173093643188476562e+02,-1.462698059082031250e+02,-2.770246744155883789e+00,9.643980407714843750e+01,-1.202481307983398438e+02,-2.277414560317993164e+00,1.785590454101562500e+03,-2.874551513671875000e+03,-5.846122741699218750e+01,1.416509399414062500e+03,-2.280382568359375000e+03,-4.637730789184570312e+01,2.638616699218750000e+03,2.114794921875000000e+03,7.356872558593750000e+01,2.638616699218750000e+03,2.114794921875000000e+03,7.356872558593750000e+01,0.000000000000000000e+00,0.000000000000000000e+00,0.000000000000000000e+00,0.000000000000000000e+00,0.000000000000000000e+00,0.000000000000000000e+00,0.000000000000000000e+00,0.000000000000000000e+00,-1.579410058593750000e+04
-2.919309616088867188e+01,-5.646358871459960938e+01,3.573947021484375000e+03,-3.570132827758789062e+01,-6.905143737792968750e+01,4.370713378906250000e+03,-2.462059593200683594e+01,-4.761972427368164062e+01,3.014161376953125000e+03,-3.112884140014648438e+01,-6.020759582519531250e+01,3.810929443359375000e+03,-5.345267944335937500e+02,6.673489990234375000e+02,6.177043914794921875e+00,-6.408165283203125000e+02,8.000501708984375000e+02,7.405338287353515625e+00,-2.178706787109375000e+03,2.072901611328125000e+03,1.495273017883300781e+01,-2.754467773437500000e+03,2.620701660156250000e+03,1.890424728393554688e+01,1.314724731445312500e+03,1.052802368164062500e+03,2.737194633483886719e+01,1.314724731445312500e+03,1.052802368164062500e+03,2.737194633483886719e+01,0.000000000000000000e+00,0.000000000000000000e+00,0.000000000000000000e+00,0.000000000000000000e+00,0.000000000000000000e+00,0.000000000000000000e+00,0.000000000000000000e+00,0.000000000000000000e+00,-1.579410058593750000e+04
-2.834759902954101562e+01,-3.814138031005859375e+01,4.247919921875000000e+03,-2.411154747009277344e+01,-3.244182205200195312e+01,3.613142578125000000e+03,-2.741529464721679688e+01,-3.688697814941406250e+01,4.108212890625000000e+03,-2.317925643920898438e+01,-3.118743324279785156e+01,3.473437744140625000e+03,5.608637695312500000e+02,-7.013806762695312500e+02,-2.554777383804321289e+00,4.761094360351562500e+02,-5.953922729492187500e+02,-2.168715000152587891e+00,2.106156982421875000e+03,-3.508779541015625000e+03,-1.744976806640625000e+01,1.780717163085937500e+03,-2.966608642578125000e+03,-1.475345897674560547e+01,1.144583007812500000e+03,9.152156982421875000e+02,1.585570812225341797e+01,1.144583007812500000e+03,9.152156982421875000e+02,1.585570812225341797e+01,0.000000000000000000e+00,0.000000000000000000e+00,0.000000000000000000e+00,0.000000000000000000e+00,0.000000000000000000e+00,0.000000000000000000e+00,0.000000000000000000e+00,0.000000000000000000e+00,-1.579410058593750000e+04
-1.813562202453613281e+01,-6.618593215942382812e+00,3.322055175781250000e+03,-2.470023536682128906e+01,-9.014348983764648438e+00,4.524551269531250000e+03,-1.916347312927246094e+01,-6.993707180023193359e+00,3.510335205078125000e+03,-2.572808837890625000e+01,-9.389463424682617188e+00,4.712831542968750000e+03,-4.408799438476562500e+02,5.525362548828125000e+02,-1.306004285812377930e+00,-6.003922119140625000e+02,7.524462890625000000e+02,-1.778522253036499023e+00,-2.327408691406250000e+03,2.456391357421875000e+03,-7.811774730682373047e+00,-3.124467529296875000e+03,3.297622070312500000e+03,-1.048704338073730469e+01,-4.676748352050781250e+02,-3.731750488281250000e+02,-3.296593904495239258e+00,-4.676748352050781250e+02,-3.731750488281250000e+02,-3.296593904495239258e+00,-0.000000000000000000e+00,-0.000000000000000000e+00,-0.000000000000000000e+00,-0.000000000000000000e+00,-0.000000000000000000e+00,-0.000000000000000000e+00,0.000000000000000000e+00,0.000000000000000000e+00,-1.579410058593750000e+04
-1.010721492767333984e+01,1.103308200836181641e+01,4.213542480468750000e+03,-8.277043342590332031e+00,9.035258293151855469e+00,3.450571777343750000e+03,-1.157106781005859375e+01,1.263103103637695312e+01,4.823800292968750000e+03,-9.740900039672851562e+00,1.063321018218994141e+01,4.060831054687500000e+03,8.213547973632812500e+02,-1.031272338867187500e+03,4.670588016510009766e+00,6.770310058593750000e+02,-8.500630493164062500e+02,3.849899053573608398e+00,2.418141845703125000e+03,-4.171402832031250000e+03,1.672324562072753906e+01,2.035689697265625000e+03,-3.511655517578125000e+03,1.407830524444580078e+01,-7.331912231445312500e+02,-5.839496459960937500e+02,-2.296775728464126587e-01,-7.331912231445312500e+02,-5.839496459960937500e+02,-2.296775728464126587e-01,-0.000000000000000000e+00,-0.000000000000000000e+00,-0.000000000000000000e+00,-0.000000000000000000e+00,-0.000000000000000000e+00,-0.000000000000000000e+00,0.000000000000000000e+00,0.000000000000000000e+00,-1.579410058593750000e+04
1.005924105644226074e+00,2.351464462280273438e+01,2.969968017578125000e+03,1.501801371574401855e+00,3.510635375976562500e+01,4.434034667968750000e+03,1.344754815101623535e+00,3.143520736694335938e+01,3.970358154296875000e+03,1.840631842613220215e+00,4.302690887451171875e+01,5.434423828125000000e+03,-4.468727111816406250e+02,5.621427001953125000e+02,-4.299395084381103516e+00,-6.735110473632812500e+02,8.472420043945312500e+02,-6.479898929595947266e+00,1.742912231445312500e+03,-3.565292968750000000e+03,2.763778877258300781e+01,2.385620361328125000e+03,-4.880013671875000000e+03,3.782937240600585938e+01,-2.130442626953125000e+03,-1.693477294921875000e+03,1.412964057922363281e+01,-2.130442626953125000e+03,-1.693477294921875000e+03,1.412964057922363281e+01,-0.000000000000000000e+00,-0.000000000000000000e+00,0.000000000000000000e+00,-0.000000000000000000e+00,-0.000000000000000000e+00,0.000000000000000000e+00,0.000000000000000000e+00,0.000000000000000000e+00,-1.579410058593750000e+04
-1.793793296813964844e+01,5.827866744995117188e+01,1.973391113281250000e+03,-4.427245712280273438e+01,1.438370819091796875e+02,4.870509765625000000e+03,-3.211230850219726562e+01,1.043298950195312500e+02,3.532745117187500000e+03,-5.844683456420898438e+01,1.898883209228515625e+02,6.429863769531250000e+03,-2.802810058593750000e+02,3.571445922851562500e+02,-1.309500789642333984e+01,-7.528538208007812500e+02,9.593146362304687500e+02,-3.517408370971679688e+01,1.677326416015625000e+03,-2.979337890625000000e+03,1.032332687377929688e+02,3.050336669921875000e+03,-5.418136230468750000e+03,1.877369842529296875e+02,-2.623865234375000000e+03,-2.057811279296875000e+03,3.692110443115234375e+01,-2.623865234375000000e+03,-2.057811279296875000e+03,3.692110443115234375e+01,-0.000000000000000000e+00,-0.000000000000000000e+00,0.000000000000000000e+00,-0.000000000000000000e+00,-0.000000000000000000e+00,0.000000000000000000e+00,0.000000000000000000e+00,0.000000000000000000e+00,-1.579410058593750000e+04
-2.216387367248535156e+01,6.109391403198242188e+01,1.118447509765625000e+03,-9.987133789062500000e+01,2.752917175292968750e+02,5.039770996093750000e+03,-6.327529144287109375e+01,1.744160461425781250e+02,3.193038330078125000e+03,-1.409827575683593750e+02,3.886138610839843750e+02,7.114361816406250000e+03,4.350977897644042969e+00,-5.695091724395751953e+00,3.973096311092376709e-01,-1.282375335693359375e+02,1.678529663085937500e+02,-1.171001338958740234e+01,1.384922607421875000e+03,-2.854677246093750000e+03,1.833779907226562500e+02,3.084788330078125000e+03,-6.358532226562500000e+03,4.084576721191406250e+02,-3.436305664062500000e+03,-2.620060302734375000e+03,7.502175903320312500e+01,-3.436305664062500000e+03,-2.620060302734375000e+03,7.502175903320312500e+01,-0.000000000000000000e+00,-0.000000000000000000e+00,0.000000000000000000e+00,-0.000000000000000000e+00,-0.000000000000000000e+00,0.000000000000000000e+00,0.000000000000000000e+00,0.000000000000000000e+00,-1.579410058593750000e+04
-7.691480636596679688e+00,2.119423866271972656e+01,2.677231750488281250e+02,-1.454249420166015625e+02,4.007253112792968750e+02,5.061916015625000000e+03,-8.243550109863281250e+01,2.271549224853515625e+02,2.869395019531250000e+03,-2.201689453125000000e+02,6.066859741210937500e+02,7.663586914062500000e+03,4.842242813110351562e+01,-6.600938415527343750e+01,6.616755008697509766e+00,7.013554077148437500e+02,-9.560866088867187500e+02,9.583775329589843750e+01,1.239959350585937500e+03,-2.442207519531250000e+03,2.289598236083984375e+02,3.305963378906250000e+03,-6.511381347656250000e+03,6.104496459960937500e+02,-3.836894775390625000e+03,-2.803429687500000000e+03,1.117017822265625000e+02,-3.836894775390625000e+03,-2.803429687500000000e+03,1.117017822265625000e+02,-0.000000000000000000e+00,-0.000000000000000000e+00,0.000000000000000000e+00,-0.000000000000000000e+00,-0.000000000000000000e+00,0.000000000000000000e+00,0.000000000000000000e+00,0.000000000000000000e+00,-1.579410058593750000e+04
1.480531406402587891e+01,-4.293917083740234375e+01,-4.226199951171875000e+02,-1.756227874755859375e+02,5.093506774902343750e+02,5.013179687500000000e+03,-8.929450988769531250e+01,2.589767456054687500e+02,2.548925537109375000e+03,-2.797225952148437500e+02,8.112665405273437500e+02,7.984724609375000000e+03,-1.436121368408203125e+02,2.064900054931640625e+02,-2.601091575622558594e+01,1.503413452148437500e+03,-2.161654785156250000e+03,2.722970581054687500e+02,9.907456054687500000e+02,-2.316407958984375000e+03,2.700604553222656250e+02,3.102829833984375000e+03,-7.254556152343750000e+03,8.457787475585937500e+02,-4.288358886718750000e+03,-2.963514160156250000e+03,1.508692016601562500e+02,-4.288358886718750000e+03,-2.963514160156250000e+03,1.508692016601562500e+02,-0.000000000000000000e+00,-0.000000000000000000e+00,0.000000000000000000e+00,-0.000000000000000000e+00,-0.000000000000000000e+00,0.000000000000000000e+00,0.000000000000000000e+00,0.000000000000000000e+00,-1.579410058593750000e+04
3.863124084472656250e+01,-1.202885971069335938e+02,-9.938772583007812500e+02,-1.937111663818359375e+02,6.031710205078125000e+02,4.983664062500000000e+03,-8.640884399414062500e+01,2.690568237304687500e+02,2.223065673828125000e+03,-3.187512512207031250e+02,9.925164794921875000e+02,8.200607421875000000e+03,-4.299435729980468750e+02,6.598474121093750000e+02,-9.657266235351562500e+01,2.012441650390625000e+03,-3.088555175781250000e+03,4.520287170410156250e+02,8.286375732421875000e+02,-2.013299560546875000e+03,2.758773803710937500e+02,3.056197509765625000e+03,-7.425490722656250000e+03,1.017496459960937500e+03,-4.622324218750000000e+03,-2.985231201171875000e+03,1.816353149414062500e+02,-4.622324218750000000e+03,-2.985231201171875000e+03,1.816353149414062500e+02,-0.000000000000000000e+00,-0.000000000000000000e+00,0.000000000000000000e+00,-0.000000000000000000e+00,-0.000000000000000000e+00,0.000000000000000000e+00,0.000000000000000000e+00,0.000000000000000000e+00,-1.579410058593750000e+04
5.313297653198242188e+01,-1.796863708496093750e+02,-1.314041259765625000e+03,-2.004967346191406250e+02,6.780446777343750000e+02,4.958520996093750000e+03,-7.929341125488281250e+01,2.681563720703125000e+02,1.961019653320312500e+03,-3.329231262207031250e+02,1.125887451171875000e+03,8.233582031250000000e+03,-6.185030517578125000e+02,1.025507690429687500e+03,-1.652403869628906250e+02,2.258770263671875000e+03,-3.745149414062500000e+03,6.034571533203125000e+02,6.431956787109375000e+02,-1.826575927734375000e+03,2.757795715332031250e+02,2.700751220703125000e+03,-7.669714355468750000e+03,1.157986572265625000e+03,-4.970248535156250000e+03,-2.964710693359375000e+03,2.044334564208984375e+02,-4.970248535156250000e+03,-2.964710693359375000e+03,2.044334564208984375e+02,-0.000000000000000000e+00,-0.000000000000000000e+00,0.000000000000000000e+00,-0.000000000000000000e+00,-0.000000000000000000e+00,0.000000000000000000e+00,0.000000000000000000e+00,0.000000000000000000e+00,-1.579410058593750000e+04
5.523073196411132812e+01,-2.053250885009765625e+02,-1.391305908203125000e+03,-1.964878387451171875e+02,7.304606933593750000e+02,4.949684082031250000e+03,-7.125595092773437500e+01,2.649002380371093750e+02,1.794993896484375000e+03,-3.229745178222656250e+02,1.200686035156250000e+03,8.135983398437500000e+03,-6.489089355468750000e+02,1.177587158203125000e+03,-1.995448303222656250e+02,2.277414550781250000e+03,-4.132866699218750000e+03,7.003236694335937500e+02,5.168210449218750000e+02,-1.696937622070312500e+03,2.709456176757812500e+02,2.342674072265625000e+03,-7.691970214843750000e+03,1.228156982421875000e+03,-5.239119628906250000e+03,-2.850962402343750000e+03,2.127595672607421875e+02,-5.239119628906250000e+03,-2.850962402343750000e+03,2.127595672607421875e+02,-0.000000000000000000e+00,-0.000000000000000000e+00,0.000000000000000000e+00,-0.000000000000000000e+00,-0.000000000000000000e+00,0.000000000000000000e+00,0.000000000000000000e+00,0.000000000000000000e+00,-1.579410058593750000e+04
4.604531478881835938e+01,-1.910619354248046875e+02,-1.247444580078125000e+03,-1.832424011230468750e+02,7.603519897460937500e+02,4.964342773437500000e+03,-6.368381500244140625e+01,2.642517089843750000e+02,1.725300903320312500e+03,-2.929714965820312500e+02,1.215665527343750000e+03,7.937087890625000000e+03,-5.463801879882812500e+02,1.101166992187500000e+03,-1.888255004882812500e+02,2.164907470703125000e+03,-4.363124511718750000e+03,7.481782226562500000e+02,4.068404846191406250e+02,-1.653673828125000000e+03,2.682982482910156250e+02,1.871461547851562500e+03,-7.606880371093750000e+03,1.234168945312500000e+03,-5.447252929687500000e+03,-2.667259521484375000e+03,2.074571075439453125e+02,-5.447252929687500000e+03,-2.667259521484375000e+03,2.074571075439453125e+02,-0.000000000000000000e+00,-0.000000000000000000e+00,0.000000000000000000e+00,-0.000000000000000000e+00,-0.000000000000000000e+00,0.000000000000000000e+00,0.000000000000000000e+00,0.000000000000000000e+00,-1.579410058593750000e+04
3.122175598144531250e+01,-1.474237823486328125e+02,-9.578358764648437500e+02,-1.630336914062500000e+02,7.698171997070312500e+02,5.001625488281250000e+03,-5.650051498413085938e+01,2.667857666015625000e+02,1.733349731445312500e+03,-2.507559356689453125e+02,1.184026611328125000e+03,7.692810546875000000e+03,-3.806627502441406250e+02,8.665458374023437500e+02,-1.457811431884765625e+02,1.987902099609375000e+03,-4.525287109375000000e+03,7.613002319335937500e+02,3.091088562011718750e+02,-1.676442504882812500e+03,2.681027221679687500e+02,1.371755371093750000e+03,-7.439674316406250000e+03,1.189779418945312500e+03,-5.523872558593750000e+03,-2.394849121093750000e+03,1.885424346923828125e+02,-5.523872558593750000e+03,-2.394849121093750000e+03,1.885424346923828125e+02,-0.000000000000000000e+00,-0.000000000000000000e+00,-0.000000000000000000e+00,-0.000000000000000000e+00,-0.000000000000000000e+00,-0.000000000000000000e+00,0.000000000000000000e+00,0.000000000000000000e+00,-1.579410058593750000e+04
1.693100547790527344e+01,-9.343883514404296875e+01,-6.184356079101562500e+02,-1.384465789794921875e+02,7.640590209960937500e+02,5.057011718750000000e+03,-4.866791152954101562e+01,2.685885009765625000e+02,1.777683593750000000e+03,-2.040455169677734375e+02,1.126086425781250000e+03,7.453131835937500000e+03,-2.168526000976562500e+02,5.690321655273437500e+02,-9.191131591796875000e+01,1.777672973632812500e+03,-4.664703613281250000e+03,7.534530639648437500e+02,2.058768920898437500e+02,-1.727344726562500000e+03,2.666191711425781250e+02,8.633219604492187500e+02,-7.243429199218750000e+03,1.118037963867187500e+03,-5.465288574218750000e+03,-2.056742675781250000e+03,1.611271972656250000e+02,-5.465288574218750000e+03,-2.056742675781250000e+03,1.611271972656250000e+02,-0.000000000000000000e+00,-0.000000000000000000e+00,-0.000000000000000000e+00,-0.000000000000000000e+00,-0.000000000000000000e+00,-0.000000000000000000e+00,0.000000000000000000e+00,0.000000000000000000e+00,-1.579410058593750000e+04
6.941835403442382812e+00,-4.667116928100585938e+01,-3.187862548828125000e+02,-1.113664779663085938e+02,7.487362060546875000e+02,5.114223632812500000e+03,-3.960748672485351562e+01,2.662880249023437500e+02,1.818873657226562500e+03,-1.579158020019531250e+02,1.061695434570312500e+03,7.251883789062500000e+03,-9.572966003417968750e+01,2.971367492675781250e+02,-4.558621978759765625e+01,1.542035888671875000e+03,-4.786349121093750000e+03,7.343135375976562500e+02,9.192655944824218750e+01,-1.767816040039062500e+03,2.608148193359375000e+02,3.667495727539062500e+02,-7.052866699218750000e+03,1.040545043945312500e+03,-5.237776855468750000e+03,-1.667518676757812500e+03,1.300722808837890625e+02,-5.237776855468750000e+03,-1.667518676757812500e+03,1.300722808837890625e+02,-0.000000000000000000e+00,-0.000000000000000000e+00,-0.000000000000000000e+00,-0.000000000000000000e+00,-0.000000000000000000e+00,-0.000000000000000000e+00,0.000000000000000000e+00,0.000000000000000000e+00,-1.579410058593750000e+04
1.776507019996643066e+00,-1.566957283020019531e+01,-1.107924957275390625e+02,-8.263957977294921875e+01,7.289174194335937500e+02,5.153847167968750000e+03,-2.936612129211425781e+01,2.590220947265625000e+02,1.831428588867187500e+03,-1.137821960449218750e+02,1.003609008789062500e+03,7.096067382812500000e+03,-2.742211914062500000e+01,1.043036575317382812e+02,-1.519154644012451172e+01,1.282297607421875000e+03,-4.877388671875000000e+03,7.103784790039062500e+02,-2.614844894409179688e+01,-1.772880493164062500e+03,2.503222351074218750e+02,-1.014379653930664062e+02,-6.877554687500000000e+03,9.710777587890625000e+02,-4.843005859375000000e+03,-1.258641479492187500e+03,1.003564300537109375e+02,-4.843005859375000000e+03,-1.258641479492187500e+03,1.003564300537109375e+02,-0.000000000000000000e+00,0.000000000000000000e+00,-0.000000000000000000e+00,-0.000000000000000000e+00,0.000000000000000000e+00,-0.000000000000000000e+00,0.000000000000000000e+00,0.000000000000000000e+00,-1.579410058593750000e+04
-3.595600649714469910e-02,4.855065047740936279e-01,3.540414810180664062e+00,-5.245178985595703125e+01,7.082456665039062500e+02,5.164675292968750000e+03,-1.838682746887207031e+01,2.482735290527343750e+02,1.810462402343750000e+03,-7.080267333984375000e+01,9.560338134765625000e+02,6.971598632812500000e+03,6.828727722167968750e-01,-3.356837511062622070e+00,4.672671854496002197e-01,1.002278503417968750e+03,-4.926958984375000000e+03,6.858259277343750000e+02,-1.397200927734375000e+02,-1.738490356445312500e+03,2.369848327636718750e+02,-5.390110473632812500e+02,-6.706734863281250000e+03,9.142382202148437500e+02,-4.279407714843750000e+03,-8.601788330078125000e+02,7.449748229980468750e+01,-4.279407714843750000e+03,-8.601788330078125000e+02,7.449748229980468750e+01,-0.000000000000000000e+00,0.000000000000000000e+00,-0.000000000000000000e+00,-0.000000000000000000e+00,0.000000000000000000e+00,-0.000000000000000000e+00,0.000000000000000000e+00,0.000000000000000000e+00,-1.579410058593750000e+04
-2.643100321292877197e-01,8.633734703063964844e+00,6.457647705078125000e+01,-2.109665679931640625e+01,6.891260375976562500e+02,5.154354492187500000e+03,-7.228362083435058594e+00,2.361157379150390625e+02,1.766040161132812500e+03,-2.806071472167968750e+01,9.166082763671875000e+02,6.855819824218750000e+03,8.833518981933593750e+00,-6.147986984252929688e+01,8.255882263183593750e+00,7.099316406250000000e+02,-4.941009765625000000e+03,6.635081176757812500e+02,-2.423393249511718750e+02,-1.675944458007812500e+03,2.230782928466796875e+02,-9.431065673828125000e+02,-6.522235839843750000e+03,8.681488647460937500e+02,-3.563799560546875000e+03,-5.049451599121093750e+02,5.292352676391601562e+01,-3.563799560546875000e+03,-5.049451599121093750e+02,5.292352676391601562e+01,-0.000000000000000000e+00,0.000000000000000000e+00,-0.000000000000000000e+00,-0.000000000000000000e+00,0.000000000000000000e+00,-0.000000000000000000e+00,0.000000000000000000e+00,0.000000000000000000e+00,-1.579410058593750000e+04
2.644959092140197754e-01,1.689588928222656250e+01,1.291753234863281250e+02,1.054805374145507812e+01,6.738052978515625000e+02,5.151491210937500000e+03,3.501986026763916016e+00,2.237054290771484375e+02,1.710310791015625000e+03,1.378554153442382812e+01,8.806147460937500000e+02,6.732625488281250000e+03,1.027698898315429688e+01,-1.231012191772460938e+02,1.608036613464355469e+01,4.129313964843750000e+02,-4.946230957031250000e+03,6.461122436523437500e+02,-3.324565429687500000e+02,-1.598502807617187500e+03,2.097619171142578125e+02,-1.312852539062500000e+03,-6.312398925781250000e+03,8.283381347656250000e+02,-2.719671386718750000e+03,-2.225198211669921875e+02,3.467390060424804688e+01,-2.719671386718750000e+03,-2.225198211669921875e+02,3.467390060424804688e+01,-0.000000000000000000e+00,0.000000000000000000e+00,-0.000000000000000000e+00,-0.000000000000000000e+00,0.000000000000000000e+00,-0.000000000000000000e+00,0.000000000000000000e+00,0.000000000000000000e+00,-1.579410058593750000e+04
1.922079086303710938e+00,3.098787117004394531e+01,2.420028686523437500e+02,4.127394104003906250e+01,6.654208984375000000e+02,5.196670898437500000e+03,1.306607437133789062e+01,2.106520233154296875e+02,1.645108032226562500e+03,5.241793060302734375e+01,8.450849609375000000e+02,6.599775390625000000e+03,5.197462558746337891e+00,-2.301081237792968750e+02,2.942349815368652344e+01,1.125119171142578125e+02,-4.981258789062500000e+03,6.369442749023437500e+02,-4.099093933105468750e+02,-1.509218261718750000e+03,1.965073394775390625e+02,-1.650818237304687500e+03,-6.078038574218750000e+03,7.913892822265625000e+02,-1.780416015625000000e+03,-3.778748321533203125e+01,1.897933578491210938e+01,-1.780416015625000000e+03,-3.778748321533203125e+01,1.897933578491210938e+01,-0.000000000000000000e+00,0.000000000000000000e+00,-0.000000000000000000e+00,-0.000000000000000000e+00,0.000000000000000000e+00,-0.000000000000000000e+00,0.000000000000000000e+00,0.000000000000000000e+00,-1.579410058593750000e+04
5.494054317474365234e+00,5.229938888549804688e+01,4.170583496093750000e+02,7.015663909912109375e+01,6.678399658203125000e+02,5.325649902343750000e+03,2.051827812194824219e+01,1.953190155029296875e+02,1.557559814453125000e+03,8.518085479736328125e+01,8.108595581054687500e+02,6.466151367187500000e+03,-1.548367118835449219e+01,-3.943679809570312500e+02,4.965797424316406250e+01,-1.994210357666015625e+02,-5.079239257812500000e+03,6.395669555664062500e+02,-4.709018554687500000e+02,-1.397560302734375000e+03,1.814583282470703125e+02,-1.963906372070312500e+03,-5.828555664062500000e+03,7.567758789062500000e+02,-7.849174194335937500e+02,3.162012290954589844e+01,6.374807357788085938e+00,-7.849174194335937500e+02,3.162012290954589844e+01,6.374807357788085938e+00,-0.000000000000000000e+00,0.000000000000000000e+00,-0.000000000000000000e+00,-0.000000000000000000e+00,0.000000000000000000e+00,-0.000000000000000000e+00,0.000000000000000000e+00,0.000000000000000000e+00,-1.579410058593750000e+04
1.111540985107421875e+01,7.851136779785156250e+01,6.369648437500000000e+02,9.690830230712890625e+01,6.844915161132812500e+02,5.553297851562500000e+03,2.487706947326660156e+01,1.757139739990234375e+02,1.425572143554687500e+03,1.106699676513671875e+02,7.816940917968750000e+02,6.341905273437500000e+03,-6.105316543579101562e+01,-5.969318847656250000e+02,7.464237213134765625e+01,-5.371018676757812500e+02,-5.251377441406250000e+03,6.566499023437500000e+02,-5.054229431152343750e+02,-1.245992919921875000e+03,1.623992004394531250e+02,-2.260394042968750000e+03,-5.572431640625000000e+03,7.262950439453125000e+02,2.244770812988281250e+02,-2.309303283691406250e+01,-1.070842862129211426e+00,2.244770812988281250e+02,-2.309303283691406250e+01,-1.070842862129211426e+00,0.000000000000000000e+00,-0.000000000000000000e+00,0.000000000000000000e+00,0.000000000000000000e+00,-0.000000000000000000e+00,0.000000000000000000e+00,0.000000000000000000e+00,0.000000000000000000e+00,-1.579410058593750000e+04
1.803117752075195312e+01,1.060750122070312500e+02,8.676964721679687500e+02,1.219048538208007812e+02,7.171500244140625000e+02,5.866306640625000000e+03,2.556129837036132812e+01,1.503737030029296875e+02,1.230061035156250000e+03,1.294349670410156250e+02,7.614486694335937500e+02,6.228670898437500000e+03,-1.338002624511718750e+02,-8.030334472656250000e+02,1.009504623413085938e+02,-9.131076049804687500e+02,-5.480228027343750000e+03,6.889271240234375000e+02,-4.994294738769531250e+02,-1.042357299804687500e+03,1.378055114746093750e+02,-2.544082763671875000e+03,-5.309745117187500000e+03,7.019782714843750000e+02,1.206096191406250000e+03,-2.010194549560546875e+02,-4.888704121112823486e-01,1.206096191406250000e+03,-2.010194549560546875e+02,-4.888704121112823486e-01,0.000000000000000000e+00,-0.000000000000000000e+00,0.000000000000000000e+00,0.000000000000000000e+00,-0.000000000000000000e+00,0.000000000000000000e+00,0.000000000000000000e+00,0.000000000000000000e+00,-1.579410058593750000e+04
2.531914710998535156e+01,1.325516052246093750e+02,1.079061279296875000e+03,1.461343994140625000e+02,7.650474243164062500e+02,6.228012695312500000e+03,2.268781661987304688e+01,1.187759857177734375e+02,9.669182128906250000e+02,1.435030364990234375e+02,7.512716674804687500e+02,6.115868164062500000e+03,-2.283323059082031250e+02,-9.826075439453125000e+02,1.260608520507812500e+02,-1.330591918945312500e+03,-5.726083007812500000e+03,7.346115722656250000e+02,-4.413640136718750000e+02,-7.902869262695312500e+02,1.074348220825195312e+02,-2.809989501953125000e+03,-5.031443359375000000e+03,6.839948730468750000e+02,2.123215576171875000e+03,-4.920173339843750000e+02,1.062004661560058594e+01,2.123215576171875000e+03,-4.920173339843750000e+02,1.062004661560058594e+01,0.000000000000000000e+00,-0.000000000000000000e+00,0.000000000000000000e+00,0.000000000000000000e+00,-0.000000000000000000e+00,0.000000000000000000e+00,0.000000000000000000e+00,0.000000000000000000e+00,-1.579410058593750000e+04
3.265197372436523438e+01,1.574607696533203125e+02,1.259405761718750000e+03,1.709131164550781250e+02,8.242108764648437500e+02,6.592219238281250000e+03,1.691020965576171875e+01,8.154774475097656250e+01,6.522366943359375000e+02,1.551713256835937500e+02,7.482977294921875000e+02,5.985048828125000000e+03,-3.368036804199218750e+02,-1.124314575195312500e+03,1.493027496337890625e+02,-1.780173583984375000e+03,-5.942557128906250000e+03,7.891387329101562500e+02,-3.294663085937500000e+02,-5.114132385253906250e+02,7.248279571533203125e+01,-3.044442382812500000e+03,-4.725728027343750000e+03,6.697791748046875000e+02,2.947623046875000000e+03,-8.785620727539062500e+02,3.342319869995117188e+01,2.947623046875000000e+03,-8.785620727539062500e+02,3.342319869995117188e+01,0.000000000000000000e+00,-0.000000000000000000e+00,0.000000000000000000e+00,0.000000000000000000e+00,-0.000000000000000000e+00,0.000000000000000000e+00,0.000000000000000000e+00,0.000000000000000000e+00,-1.579410058593750000e+04
4.038547897338867188e+01,1.818297729492187500e+02,1.417444458007812500e+03,1.971273040771484375e+02,8.875372314453125000e+02,6.918749511718750000e+03,9.064160346984863281e+00,4.081007385253906250e+01,3.181327514648437500e+02,1.658059844970703125e+02,7.465174560546875000e+02,5.819437500000000000e+03,-4.551013488769531250e+02,-1.236283203125000000e+03,1.715570526123046875e+02,-2.242982666015625000e+03,-6.093064453125000000e+03,8.455248413085937500e+02,-1.753237152099609375e+02,-2.380933990478515625e+02,3.553790283203125000e+01,-3.230515625000000000e+03,-4.387110351562500000e+03,6.548215942382812500e+02,3.660916015625000000e+03,-1.338309570312500000e+03,6.737244415283203125e+01,3.660916015625000000e+03,-1.338309570312500000e+03,6.737244415283203125e+01,0.000000000000000000e+00,-0.000000000000000000e+00,0.000000000000000000e+00,0.000000000000000000e+00,-0.000000000000000000e+00,0.000000000000000000e+00,0.000000000000000000e+00,0.000000000000000000e+00,-1.579410058593750000e+04
4.911993789672851562e+01,2.071176452636718750e+02,1.572186401367187500e+03,2.244369812011718750e+02,9.463541259765625000e+02,7.183574707031250000e+03,5.174713209271430969e-02,2.181953787803649902e-01,1.656275153160095215e+00,1.753687591552734375e+02,7.394545288085937500e+02,5.613043945312500000e+03,-5.848137817382812500e+02,-1.335591186523437500e+03,1.942203216552734375e+02,-2.697466552734375000e+03,-6.160443847656250000e+03,8.958455200195312500e+02,-9.830206632614135742e-01,-1.178170561790466309e+00,1.859231442213058472e-01,-3.356080566406250000e+03,-4.022331787109375000e+03,6.347506713867187500e+02,4.253862792968750000e+03,-1.846584960937500000e+03,1.103627929687500000e+02,4.253862792968750000e+03,-1.846584960937500000e+03,1.103627929687500000e+02,0.000000000000000000e+00,-0.000000000000000000e+00,0.000000000000000000e+00,0.000000000000000000e+00,-0.000000000000000000e+00,0.000000000000000000e+00,0.000000000000000000e+00,0.000000000000000000e+00,-1.579410058593750000e+04
5.917712783813476562e+01,2.338886871337890625e+02,1.738178710937500000e+03,2.512602539062500000e+02,9.930683593750000000e+02,7.380135742187500000e+03,-9.112204551696777344e+00,-3.601461791992187500e+01,-2.676480102539062500e+02,1.829709472656250000e+02,7.231651611328125000e+02,5.374310058593750000e+03,-7.294975585937500000e+02,-1.434602783203125000e+03,2.178757019042968750e+02,-3.125610595703125000e+03,-6.146709472656250000e+03,9.335118408203125000e+02,1.690843505859375000e+02,1.804293518066406250e+02,-3.003506469726562500e+01,-3.420041503906250000e+03,-3.649515136718750000e+03,6.075143432617187500e+02,4.724694335937500000e+03,-2.378339843750000000e+03,1.591740417480468750e+02,4.724694335937500000e+03,-2.378339843750000000e+03,1.591740417480468750e+02,0.000000000000000000e+00,-0.000000000000000000e+00,0.000000000000000000e+00,0.000000000000000000e+00,-0.000000000000000000e+00,0.000000000000000000e+00,0.000000000000000000e+00,0.000000000000000000e+00,-1.579410058593750000e+04
7.027505493164062500e+01,2.608352355957031250e+02,1.915139526367187500e+03,2.757093200683593750e+02,1.023331970214843750e+03,7.513645019531250000e+03,-1.745309066772460938e+01,-6.477947235107421875e+01,-4.756325683593750000e+02,1.879811248779296875e+02,6.977171020507812500e+02,5.122872070312500000e+03,-8.884154663085937500e+02,-1.532886962890625000e+03,2.413737335205078125e+02,-3.515526855468750000e+03,-6.065749511718750000e+03,9.551340332031250000e+02,3.165171813964843750e+02,3.034723815917968750e+02,-5.294630432128906250e+01,-3.433218017578125000e+03,-3.291722900390625000e+03,5.743012084960937500e+02,5.077397460937500000e+03,-2.909644531250000000e+03,2.099708404541015625e+02,5.077397460937500000e+03,-2.909644531250000000e+03,2.099708404541015625e+02,0.000000000000000000e+00,-0.000000000000000000e+00,0.000000000000000000e+00,0.000000000000000000e+00,-0.000000000000000000e+00,0.000000000000000000e+00,0.000000000000000000e+00,0.000000000000000000e+00,-1.579410058593750000e+04
8.157104492187500000e+01,2.849216613769531250e+02,2.087281494140625000e+03,2.967378234863281250e+02,1.036483398437500000e+03,7.593079101562500000e+03,-2.438404273986816406e+01,-8.517166137695312500e+01,-6.239512939453125000e+02,1.907827301025390625e+02,6.663900146484375000e+02,4.881845703125000000e+03,-1.052752685546875000e+03,-1.618406250000000000e+03,2.620600585937500000e+02,-3.860349609375000000e+03,-5.934550781250000000e+03,9.609506835937500000e+02,4.334275207519531250e+02,3.769677429199218750e+02,-6.839585113525390625e+01,-3.413850097656250000e+03,-2.969149902343750000e+03,5.387133178710937500e+02,5.320416015625000000e+03,-3.418960937500000000e+03,2.587786865234375000e+02,5.320416015625000000e+03,-3.418960937500000000e+03,2.587786865234375000e+02,0.000000000000000000e+00,-0.000000000000000000e+00,0.000000000000000000e+00,0.000000000000000000e+00,-0.000000000000000000e+00,0.000000000000000000e+00,0.000000000000000000e+00,0.000000000000000000e+00,-1.579410058593750000e+04
9.208168792724609375e+01,3.027399291992187500e+02,2.231738037109375000e+03,3.146340637207031250e+02,1.034432495117187500e+03,7.625628906250000000e+03,-2.986493110656738281e+01,-9.818789672851562500e+01,-7.238214721679687500e+02,1.926874389648437500e+02,6.335046997070312500e+02,4.670069335937500000e+03,-1.207403442382812500e+03,-1.675694335937500000e+03,2.771290283203125000e+02,-4.155813964843750000e+03,-5.767644531250000000e+03,9.538623657226562500e+02,5.207793579101562500e+02,4.149848022460937500e+02,-7.778096008300781250e+01,-3.380847900390625000e+03,-2.694040283203125000e+03,5.049462890625000000e+02,5.465895507812500000e+03,-3.888454101562500000e+03,3.019537353515625000e+02,5.465895507812500000e+03,-3.888454101562500000e+03,3.019537353515625000e+02,0.000000000000000000e+00,-0.000000000000000000e+00,0.000000000000000000e+00,0.000000000000000000e+00,-0.000000000000000000e+00,0.000000000000000000e+00,0.000000000000000000e+00,0.000000000000000000e+00,-1.579410058593750000e+04
1.011680374145507812e+02,3.121525573730468750e+02,2.330467773437500000e+03,3.306059875488281250e+02,1.020080139160156250e+03,7.615710937500000000e+03,-3.417753601074218750e+01,-1.054543075561523438e+02,-7.873004150390625000e+02,1.952603912353515625e+02,6.024732055664062500e+02,4.497942382812500000e+03,-1.337307495117187500e+03,-1.695153198242187500e+03,2.851098022460937500e+02,-4.399022460937500000e+03,-5.576142089843750000e+03,9.378579101562500000e+02,5.828527832031250000e+02,4.299211120605468750e+02,-8.288768005371093750e+01,-3.348602050781250000e+03,-2.469980224609375000e+03,4.762057495117187500e+02,5.528957519531250000e+03,-4.305179199218750000e+03,3.366358032226562500e+02,5.528957519531250000e+03,-4.305179199218750000e+03,3.366358032226562500e+02,0.000000000000000000e+00,-0.000000000000000000e+00,0.000000000000000000e+00,0.000000000000000000e+00,-0.000000000000000000e+00,0.000000000000000000e+00,0.000000000000000000e+00,0.000000000000000000e+00,-1.579410058593750000e+04
1.087210235595703125e+02,3.131445617675781250e+02,2.378637207031250000e+03,3.458968811035156250e+02,9.962721557617187500e+02,7.567655273437500000e+03,-3.752937698364257812e+01,-1.080942764282226562e+02,-8.210810546875000000e+02,1.996464691162109375e+02,5.750333251953125000e+02,4.367936523437500000e+03,-1.434116943359375000e+03,-1.678004760742187500e+03,2.864567565917968750e+02,-4.589320312500000000e+03,-5.369786132812500000e+03,9.166908569335937500e+02,6.220399169921875000e+02,4.291453552246093750e+02,-8.492819213867187500e+01,-3.325587402343750000e+03,-2.294322998046875000e+03,4.540482482910156250e+02,5.526530761718750000e+03,-4.661639160156250000e+03,3.610962219238281250e+02,5.526530761718750000e+03,-4.661639160156250000e+03,3.610962219238281250e+02,0.000000000000000000e+00,-0.000000000000000000e+00,0.000000000000000000e+00,0.000000000000000000e+00,-0.000000000000000000e+00,0.000000000000000000e+00,0.000000000000000000e+00,0.000000000000000000e+00,-1.579410058593750000e+04
1.150178756713867188e+02,3.075446166992187500e+02,2.385335693359375000e+03,3.611229248046875000e+02,9.656013183593750000e+02,7.489265625000000000e+03,-3.981489944458007812e+01,-1.064604797363281250e+02,-8.257142944335937500e+02,2.062900848388671875e+02,5.515960083007812500e+02,4.278214355468750000e+03,-1.498971557617187500e+03,-1.634955566406250000e+03,2.830756225585937500e+02,-4.730221679687500000e+03,-5.159339355468750000e+03,8.932861328125000000e+02,6.372678222656250000e+02,4.154271850585937500e+02,-8.428986358642578125e+01,-3.316126464843750000e+03,-2.161742919921875000e+03,4.386159973144531250e+02,5.475655761718750000e+03,-4.955324218750000000e+03,3.748676147460937500e+02,5.475655761718750000e+03,-4.955324218750000000e+03,3.748676147460937500e+02,0.000000000000000000e+00,-0.000000000000000000e+00,0.000000000000000000e+00,0.000000000000000000e+00,-0.000000000000000000e+00,0.000000000000000000e+00,0.000000000000000000e+00,0.000000000000000000e+00,-1.579410058593750000e+04
1.204784774780273438e+02,2.980206604003906250e+02,2.367412109375000000e+03,3.762587890625000000e+02,9.307296752929687500e+02,7.393516113281250000e+03,-4.069377136230468750e+01,-1.006618423461914062e+02,-7.996359863281250000e+02,2.150865936279296875e+02,5.320473022460937500e+02,4.226469238281250000e+03,-1.540101684570312500e+03,-1.580538085937500000e+03,2.773417358398437500e+02,-4.830528320312500000e+03,-4.957357421875000000e+03,8.698822631835937500e+02,6.264484252929687500e+02,3.895800476074218750e+02,-8.092231750488281250e+01,-3.323237548828125000e+03,-2.066677734375000000e+03,4.292836608886718750e+02,5.391226562500000000e+03,-5.186865722656250000e+03,3.785849304199218750e+02,5.391226562500000000e+03,-5.186865722656250000e+03,3.785849304199218750e+02,0.000000000000000000e+00,-0.000000000000000000e+00,0.000000000000000000e+00,0.000000000000000000e+00,-0.000000000000000000e+00,0.000000000000000000e+00,0.000000000000000000e+00,0.000000000000000000e+00,-1.579410058593750000e+04
1.254757385253906250e+02,2.870000305175781250e+02,2.340831542968750000e+03,3.911506652832031250e+02,8.946769409179687500e+02,7.297169921875000000e+03,-3.990815734863281250e+01,-9.128173065185546875e+01,-7.445126342773437500e+02,2.257667388916015625e+02,5.163951416015625000e+02,4.211825195312500000e+03,-1.567336059570312500e+03,-1.526933715820312500e+03,2.712252502441406250e+02,-4.903359375000000000e+03,-4.776961914062500000e+03,8.485193481445312500e+02,5.904290161132812500e+02,3.532352294921875000e+02,-7.495755767822265625e+01,-3.350251464843750000e+03,-2.004350708007812500e+03,4.253291320800781250e+02,5.283654296875000000e+03,-5.357098632812500000e+03,3.735924682617187500e+02,5.283654296875000000e+03,-5.357098632812500000e+03,3.735924682617187500e+02,0.000000000000000000e+00,-0.000000000000000000e+00,0.000000000000000000e+00,0.000000000000000000e+00,-0.000000000000000000e+00,0.000000000000000000e+00,0.000000000000000000e+00,0.000000000000000000e+00,-1.579410058593750000e+04
1.302176361083984375e+02,2.760114746093750000e+02,2.314355224609375000e+03,4.060600585937500000e+02,8.606916503906250000e+02,7.216895996093750000e+03,-3.759623336791992188e+01,-7.968959808349609375e+01,-6.681969604492187500e+02,2.382461853027343750e+02,5.049905700683593750e+02,4.234344238281250000e+03,-1.587047363281250000e+03,-1.480340209960937500e+03,2.658418273925781250e+02,-4.963096679687500000e+03,-4.629396484375000000e+03,8.313543701171875000e+02,5.353424682617187500e+02,3.101900939941406250e+02,-6.711461639404296875e+01,-3.400631103515625000e+03,-1.970406005859375000e+03,4.263290405273437500e+02,5.157158691406250000e+03,-5.463988281250000000e+03,3.614701538085937500e+02,5.157158691406250000e+03,-5.463988281250000000e+03,3.614701538085937500e+02,0.000000000000000000e+00,-0.000000000000000000e+00,0.000000000000000000e+00,0.000000000000000000e+00,-0.000000000000000000e+00,0.000000000000000000e+00,0.000000000000000000e+00,0.000000000000000000e+00,-1.579410058593750000e+04
1.347023468017578125e+02,2.656045532226562500e+02,2.287986816406250000e+03,4.218144226074218750e+02,8.317288208007812500e+02,7.164729003906250000e+03,-3.434799957275390625e+01,-6.772698974609375000e+01,-5.834179687500000000e+02,2.527640533447265625e+02,4.983972473144531250e+02,4.293323730468750000e+03,-1.600041503906250000e+03,-1.440784790039062500e+03,2.614562072753906250e+02,-5.021519531250000000e+03,-4.521713378906250000e+03,8.205458374023437500e+02,4.715653076171875000e+02,2.659022827148437500e+02,-5.863050079345703125e+01,-3.476603759765625000e+03,-1.960358154296875000e+03,4.322519531250000000e+02,5.009057617187500000e+03,-5.500376953125000000e+03,3.436178894042968750e+02,5.009057617187500000e+03,-5.500376953125000000e+03,3.436178894042968750e+02,0.000000000000000000e+00,-0.000000000000000000e+00,0.000000000000000000e+00,0.000000000000000000e+00,-0.000000000000000000e+00,0.000000000000000000e+00,0.000000000000000000e+00,0.000000000000000000e+00,-1.579410058593750000e+04
1.387478942871093750e+02,2.556532745361328125e+02,2.255569580078125000e+03,4.394917907714843750e+02,8.097962646484375000e+02,7.144644042968750000e+03,-3.094280433654785156e+01,-5.701441192626953125e+01,-5.030249023437500000e+02,2.698011474609375000e+02,4.971286315917968750e+02,4.386050292968750000e+03,-1.602641845703125000e+03,-1.404337768554687500e+03,2.577560729980468750e+02,-5.084588867187500000e+03,-4.455443359375000000e+03,8.177645263671875000e+02,4.098326416015625000e+02,2.255381927490234375e+02,-5.077342605590820312e+01,-3.578199462890625000e+03,-1.969146728515625000e+03,4.432966613769531250e+02,4.830029785156250000e+03,-5.453158691406250000e+03,3.209661560058593750e+02,4.830029785156250000e+03,-5.453158691406250000e+03,3.209661560058593750e+02,0.000000000000000000e+00,-0.000000000000000000e+00,0.000000000000000000e+00,0.000000000000000000e+00,-0.000000000000000000e+00,0.000000000000000000e+00,0.000000000000000000e+00,0.000000000000000000e+00,-1.579410058593750000e+04
1.420358581542968750e+02,2.456802825927734375e+02,2.208785156250000000e+03,4.598515319824218750e+02,7.954079589843750000e+02,7.151104003906250000e+03,-2.793748092651367188e+01,-4.832362747192382812e+01,-4.344528808593750000e+02,2.898781433105468750e+02,5.014039611816406250e+02,4.507865234375000000e+03,-1.589274536132812500e+03,-1.365769409179687500e+03,2.541110229492187500e+02,-5.150778320312500000e+03,-4.426406738281250000e+03,8.235640869140625000e+02,3.566139221191406250e+02,1.917392120361328125e+02,-4.425895309448242188e+01,-3.703365478515625000e+03,-1.991174072265625000e+03,4.596205139160156250e+02,4.604531738281250000e+03,-5.303391601562500000e+03,2.937950134277343750e+02,4.604531738281250000e+03,-5.303391601562500000e+03,2.937950134277343750e+02,0.000000000000000000e+00,-0.000000000000000000e+00,0.000000000000000000e+00,0.000000000000000000e+00,-0.000000000000000000e+00,0.000000000000000000e+00,0.000000000000000000e+00,0.000000000000000000e+00,-1.579410058593750000e+04
1.441050872802734375e+02,2.349792785644531250e+02,2.139973876953125000e+03,4.827947082519531250e+02,7.872501831054687500e+02,7.169546386718750000e+03,-2.531902694702148438e+01,-4.128547286987304688e+01,-3.759898986816406250e+02,3.133705444335937500e+02,5.109853515625000000e+02,4.653581542968750000e+03,-1.554579711914062500e+03,-1.320169433593750000e+03,2.496456909179687500e+02,-5.211105957031250000e+03,-4.425339355468750000e+03,8.368372192382812500e+02,3.108729553222656250e+02,1.631948394775390625e+02,-3.885363769531250000e+01,-3.849294677734375000e+03,-2.020712890625000000e+03,4.810939331054687500e+02,4.310320312500000000e+03,-5.026186523437500000e+03,2.616436767578125000e+02,4.310320312500000000e+03,-5.026186523437500000e+03,2.616436767578125000e+02,0.000000000000000000e+00,-0.000000000000000000e+00,0.000000000000000000e+00,0.000000000000000000e+00,-0.000000000000000000e+00,0.000000000000000000e+00,0.000000000000000000e+00,0.000000000000000000e+00,-1.579410058593750000e+04
1.442730407714843750e+02,2.225195770263671875e+02,2.042377685546875000e+03,5.070482482910156250e+02,7.820460815429687500e+02,7.177945800781250000e+03,-2.233085060119628906e+01,-3.444199752807617188e+01,-3.161230468750000000e+02,3.404443664550781250e+02,5.250845336914062500e+02,4.819445312500000000e+03,-1.493786254882812500e+03,-1.262877319335937500e+03,2.431127014160156250e+02,-5.250296386718750000e+03,-4.438707519531250000e+03,8.544821777343750000e+02,2.632897949218750000e+02,1.346223449707031250e+02,-3.326599121093750000e+01,-4.014203613281250000e+03,-2.052496826171875000e+03,5.071843261718750000e+02,3.914769042968750000e+03,-4.587575683593750000e+03,2.232837829589843750e+02,3.914769042968750000e+03,-4.587575683593750000e+03,2.232837829589843750e+02,0.000000000000000000e+00,-0.000000000000000000e+00,0.000000000000000000e+00,0.000000000000000000e+00,-0.000000000000000000e+00,0.000000000000000000e+00,0.000000000000000000e+00,0.000000000000000000e+00,-1.579410058593750000e+04
1.415121459960937500e+02,2.067630004882812500e+02,1.908104858398437500e+03,5.301499633789062500e+02,7.746006469726562500e+02,7.148374023437500000e+03,-1.744619369506835938e+01,-2.549058723449707031e+01,-2.352389526367187500e+02,3.711916503906250000e+02,5.423471069335937500e+02,5.005030761718750000e+03,-1.401392700195312500e+03,-1.187993896484375000e+03,2.326639709472656250e+02,-5.248203613281250000e+03,-4.449026855468750000e+03,8.713245239257812500e+02,1.974232177734375000e+02,9.786282348632812500e+01,-2.524609184265136719e+01,-4.199305664062500000e+03,-2.081598632812500000e+03,5.369989013671875000e+02,3.366852539062500000e+03,-3.936990234375000000e+03,1.769155883789062500e+02,3.366852539062500000e+03,-3.936990234375000000e+03,1.769155883789062500e+02,0.000000000000000000e+00,-0.000000000000000000e+00,0.000000000000000000e+00,0.000000000000000000e+00,-0.000000000000000000e+00,0.000000000000000000e+00,0.000000000000000000e+00,0.000000000000000000e+00,-1.579410058593750000e+04
1.342864379882812500e+02,1.855175476074218750e+02,1.724852661132812500e+03,5.486771850585937500e+02,7.580009155273437500e+02,7.047526855468750000e+03,-8.394230842590332031e+00,-1.159668159484863281e+01,-1.078203582763671875e+02,4.059964294433593750e+02,5.608865966796875000e+02,5.214853027343750000e+03,-1.268877197265625000e+03,-1.086044921875000000e+03,2.155971679687500000e+02,-5.180640136718750000e+03,-4.434162597656250000e+03,8.802517089843750000e+02,9.129248046875000000e+01,4.336275863647460938e+01,-1.177137947082519531e+01,-4.413023437500000000e+03,-2.096129638671875000e+03,5.690213623046875000e+02,2.593338378906250000e+03,-3.005820800781250000e+03,1.213914337158203125e+02,2.593338378906250000e+03,-3.005820800781250000e+03,1.213914337158203125e+02,0.000000000000000000e+00,-0.000000000000000000e+00,0.000000000000000000e+00,0.000000000000000000e+00,-0.000000000000000000e+00,0.000000000000000000e+00,0.000000000000000000e+00,0.000000000000000000e+00,-1.579410058593750000e+04
1.203858718872070312e+02,1.560566558837890625e+02,1.473427001953125000e+03,5.585405883789062500e+02,7.240382080078125000e+02,6.836091308593750000e+03,7.885971546173095703e+00,1.022261428833007812e+01,9.651800537109375000e+01,4.460407409667968750e+02,5.782042846679687500e+02,5.459182617187500000e+03,-1.083012817382812500e+03,-9.419292602539062500e+02,1.882507476806640625e+02,-5.019393554687500000e+03,-4.365520019531250000e+03,8.724777832031250000e+02,-8.274912261962890625e+01,-3.643427276611328125e+01,1.061989116668701172e+01,-4.676760742187500000e+03,-2.059168212890625000e+03,6.002080688476562500e+02,1.574529663085937500e+03,-1.798016357421875000e+03,6.178876495361328125e+01,1.574529663085937500e+03,-1.798016357421875000e+03,6.178876495361328125e+01,0.000000000000000000e+00,-0.000000000000000000e+00,0.000000000000000000e+00,0.000000000000000000e+00,-0.000000000000000000e+00,0.000000000000000000e+00,0.000000000000000000e+00,0.000000000000000000e+00,-1.579410058593750000e+04
9.752847290039062500e+01,1.167730026245117188e+02,1.136906250000000000e+03,5.555411376953125000e+02,6.651616821289062500e+02,6.476039062500000000e+03,3.499950790405273438e+01,4.190568542480468750e+01,4.079953308105468750e+02,4.930121459960937500e+02,5.902943115234375000e+02,5.747127441406250000e+03,-8.328863525390625000e+02,-7.402705078125000000e+02,1.474824829101562500e+02,-4.738199218750000000e+03,-4.211317382812500000e+03,8.390116577148437500e+02,-3.567283020019531250e+02,-1.335006713867187500e+02,4.431363296508789062e+01,-5.020297851562500000e+03,-1.878777709960937500e+03,6.236332397460937500e+02,8.192418823242187500e+02,-9.169751586914062500e+02,2.390570068359375000e+01,8.192418823242187500e+02,-9.169751586914062500e+02,2.390570068359375000e+01,0.000000000000000000e+00,-0.000000000000000000e+00,0.000000000000000000e+00,0.000000000000000000e+00,-0.000000000000000000e+00,0.000000000000000000e+00,0.000000000000000000e+00,0.000000000000000000e+00,-1.579410058593750000e+04
6.933817291259765625e+01,7.511270904541015625e+01,7.710090942382812500e+02,5.389953613281250000e+02,5.838833618164062500e+02,5.993384765625000000e+03,7.336973571777343750e+01,7.948002624511718750e+01,8.158381958007812500e+02,5.430269165039062500e+02,5.882506103515625000e+02,6.038213378906250000e+03,-5.615310058593750000e+02,-5.124066162109375000e+02,1.004187698364257812e+02,-4.359383300781250000e+03,-3.978011474609375000e+03,7.795899047851562500e+02,-7.371090087890625000e+02,-1.533962707519531250e+02,8.123353576660156250e+01,-5.450236328125000000e+03,-1.134223022460937500e+03,6.006465454101562500e+02,1.174701049804687500e+03,-1.283517944335937500e+03,1.939910888671875000e+01,1.174701049804687500e+03,-1.283517944335937500e+03,1.939910888671875000e+01,0.000000000000000000e+00,-0.000000000000000000e+00,0.000000000000000000e+00,0.000000000000000000e+00,-0.000000000000000000e+00,0.000000000000000000e+00,0.000000000000000000e+00,0.000000000000000000e+00,-1.579410058593750000e+04
