-0.000000000000000000e+00,-0.000000000000000000e+00,-0.000000000000000000e+00,-0.000000000000000000e+00,0.000000000000000000e+00,0.000000000000000000e+00,0.000000000000000000e+00,0.000000000000000000e+00,2.816447998046875000e+03,2.816447998046875000e+03,0.000000000000000000e+00,0.000000000000000000e+00,0.000000000000000000e+00,-0.000000000000000000e+00,-0.000000000000000000e+00,-0.000000000000000000e+00,-0.000000000000000000e+00,0.000000000000000000e+00,0.000000000000000000e+00,0.000000000000000000e+00,0.000000000000000000e+00,0.000000000000000000e+00,0.000000000000000000e+00,0.000000000000000000e+00,0.000000000000000000e+00,0.000000000000000000e+00,3.948524902343750000e+03,3.948524902343750000e+03,3.948524902343750000e+03,3.948524902343750000e+03,0.000000000000000000e+00,0.000000000000000000e+00,0.000000000000000000e+00,0.000000000000000000e+00,0.000000000000000000e+00,0.000000000000000000e+00,0.000000000000000000e+00,0.000000000000000000e+00,-1.579410058593750000e+04
-5.094099521636962891e+00,-5.094099521636962891e+00,-4.635195255279541016e+00,-4.635195255279541016e+00,0.000000000000000000e+00,0.000000000000000000e+00,-4.005680541992187500e+02,-4.005680541992187500e+02,5.503452636718750000e+03,5.503452636718750000e+03,0.000000000000000000e+00,0.000000000000000000e+00,0.000000000000000000e+00,-0.000000000000000000e+00,-0.000000000000000000e+00,-0.000000000000000000e+00,-0.000000000000000000e+00,0.000000000000000000e+00,0.000000000000000000e+00,3.630306640625000000e+03,3.630306640625000000e+03,0.000000000000000000e+00,0.000000000000000000e+00,0.000000000000000000e+00,0.000000000000000000e+00,0.000000000000000000e+00,4.135212402343750000e+03,4.135212402343750000e+03,3.762690185546875000e+03,3.762690185546875000e+03,0.000000000000000000e+00,0.000000000000000000e+00,-4.934531450271606445e-01,-4.934531450271606445e-01,6.779611587524414062e+00,6.779611587524414062e+00,0.000000000000000000e+00,0.000000000000000000e+00,-1.579410058593750000e+04
-2.875543403625488281e+01,-2.033906936645507812e+01,-2.283939933776855469e+01,-1.442304134368896484e+01,1.210087680816650391e+01,8.451151847839355469e+00,-4.167762145996093750e+02,-2.601744079589843750e+02,2.341642822265625000e+03,2.341642822265625000e+03,0.000000000000000000e+00,0.000000000000000000e+00,0.000000000000000000e+00,-4.776423645019531250e+01,-3.378422546386718750e+01,-3.793740081787109375e+01,-2.395740509033203125e+01,-5.097322265625000000e+03,-3.559927734375000000e+03,-3.861137451171875000e+03,-2.410332275390625000e+03,5.442852497100830078e+00,5.442852497100830078e+00,-0.000000000000000000e+00,-0.000000000000000000e+00,0.000000000000000000e+00,5.268940917968750000e+03,3.726786132812500000e+03,4.184928710937500000e+03,2.642775390625000000e+03,-4.614243698120117188e+01,-3.222549438476562500e+01,-3.727672958374023438e+01,-2.327016448974609375e+01,1.282894134521484375e+01,1.282894134521484375e+01,0.000000000000000000e+00,0.000000000000000000e+00,-1.579410058593750000e+04
-4.181598663330078125e+01,-6.268688964843750000e+01,-2.587161827087402344e+01,-4.674252700805664062e+01,-2.697524070739746094e+01,-3.992510223388671875e+01,-2.583670959472656250e+02,-4.608337097167968750e+02,6.055054687500000000e+03,6.055054687500000000e+03,0.000000000000000000e+00,0.000000000000000000e+00,0.000000000000000000e+00,-1.074890613555908203e+01,-1.611382675170898438e+01,-6.650366306304931641e+00,-1.201528739929199219e+01,3.490290039062500000e+03,5.165854980468750000e+03,2.186537841796875000e+03,3.899994628906250000e+03,4.660875701904296875e+01,4.660875701904296875e+01,0.000000000000000000e+00,0.000000000000000000e+00,0.000000000000000000e+00,3.744318847656250000e+03,5.613157226562500000e+03,2.316616210937500000e+03,4.185455078125000000e+03,9.718405723571777344e+00,1.438387012481689453e+01,3.391543149948120117e+00,6.049289226531982422e+00,6.775573730468750000e+01,6.775573730468750000e+01,0.000000000000000000e+00,0.000000000000000000e+00,-1.579410058593750000e+04
-9.908747863769531250e+01,-7.760163879394531250e+01,-6.201258468627929688e+01,-4.052674865722656250e+01,7.267719268798828125e+01,5.657941055297851562e+01,-3.245640869140625000e+02,-2.107858886718750000e+02,3.097844726562500000e+03,3.097844726562500000e+03,0.000000000000000000e+00,0.000000000000000000e+00,0.000000000000000000e+00,1.226030349731445312e+01,9.601815223693847656e+00,7.672948360443115234e+00,5.014460086822509766e+00,-5.580015625000000000e+03,-4.344058593750000000e+03,-3.340555664062500000e+03,-2.169500732421875000e+03,4.047898101806640625e+01,4.047898101806640625e+01,-0.000000000000000000e+00,-0.000000000000000000e+00,0.000000000000000000e+00,5.631571777343750000e+03,4.410438476562500000e+03,3.524444580078125000e+03,2.303311279296875000e+03,1.342681789398193359e+01,1.045281791687011719e+01,1.561907410621643066e+00,1.014369964599609375e+00,5.441843795776367188e+01,5.441843795776367188e+01,0.000000000000000000e+00,0.000000000000000000e+00,-1.579410058593750000e+04
-9.808695220947265625e+01,-1.466227874755859375e+02,-4.288485336303710938e+01,-9.142071533203125000e+01,-7.393017578125000000e+01,-1.094050292968750000e+02,-2.247742919921875000e+02,-4.753525390625000000e+02,6.785592285156250000e+03,6.785592285156250000e+03,0.000000000000000000e+00,0.000000000000000000e+00,0.000000000000000000e+00,2.327848052978515625e+01,3.479724121093750000e+01,1.017764472961425781e+01,2.169641685485839844e+01,3.913855224609375000e+03,5.791890625000000000e+03,1.736086059570312500e+03,3.671473632812500000e+03,1.291635742187500000e+02,1.291635742187500000e+02,0.000000000000000000e+00,0.000000000000000000e+00,0.000000000000000000e+00,4.104982910156250000e+03,6.136229003906250000e+03,1.794750244140625000e+03,3.825997802734375000e+03,-2.396116828918457031e+01,-3.545875930786132812e+01,-1.521586513519287109e+01,-3.217850112915039062e+01,1.614065856933593750e+02,1.614065856933593750e+02,0.000000000000000000e+00,0.000000000000000000e+00,-1.579410058593750000e+04
-1.787089538574218750e+02,-1.371634674072265625e+02,-9.618777465820312500e+01,-5.464225769042968750e+01,1.504876708984375000e+02,1.151840515136718750e+02,-2.671868896484375000e+02,-1.511477355957031250e+02,4.528853027343750000e+03,4.528853027343750000e+03,0.000000000000000000e+00,0.000000000000000000e+00,0.000000000000000000e+00,3.787764358520507812e+01,2.907201576232910156e+01,2.038715171813964844e+01,1.158151340484619141e+01,-6.045392089843750000e+03,-4.627174804687500000e+03,-3.137246582031250000e+03,-1.774741821289062500e+03,1.136652679443359375e+02,1.136652679443359375e+02,-0.000000000000000000e+00,-0.000000000000000000e+00,0.000000000000000000e+00,6.057158203125000000e+03,4.649016601562500000e+03,3.260187011718750000e+03,1.852043823242187500e+03,4.224402236938476562e+01,3.233379745483398438e+01,1.173534488677978516e+01,6.638689994812011719e+00,1.329074096679687500e+02,1.329074096679687500e+02,0.000000000000000000e+00,0.000000000000000000e+00,-1.579410058593750000e+04
-1.531014099121093750e+02,-2.148932189941406250e+02,-5.463556671142578125e+01,-1.164273986816406250e+02,-1.362676086425781250e+02,-1.898242797851562500e+02,-2.224249877929687500e+02,-4.720199584960937500e+02,7.546927246093750000e+03,7.546927246093750000e+03,0.000000000000000000e+00,0.000000000000000000e+00,0.000000000000000000e+00,2.265103912353515625e+01,3.179301071166992188e+01,8.083220481872558594e+00,1.722519493103027344e+01,4.337045410156250000e+03,6.041615722656250000e+03,1.564249267578125000e+03,3.319576904296875000e+03,2.387023010253906250e+02,2.387023010253906250e+02,0.000000000000000000e+00,0.000000000000000000e+00,0.000000000000000000e+00,4.468038574218750000e+03,6.271340820312500000e+03,1.594458374023437500e+03,3.397761718750000000e+03,-2.665629577636718750e+01,-3.713290405273437500e+01,-1.555166816711425781e+01,-3.300302505493164062e+01,2.573921813964843750e+02,2.573921813964843750e+02,0.000000000000000000e+00,0.000000000000000000e+00,-1.579410058593750000e+04
-2.411495819091796875e+02,-1.766728210449218750e+02,-1.201384811401367188e+02,-5.566167449951171875e+01,2.409977416992187500e+02,1.769271697998046875e+02,-2.214633941650390625e+02,-1.023353195190429688e+02,4.780428222656250000e+03,4.780428222656250000e+03,0.000000000000000000e+00,0.000000000000000000e+00,0.000000000000000000e+00,1.635085296630859375e+01,1.197908401489257812e+01,8.145842552185058594e+00,3.774071455001831055e+00,-6.320836425781250000e+03,-4.640407226562500000e+03,-3.083136474609375000e+03,-1.424676879882812500e+03,1.829957122802734375e+02,1.829957122802734375e+02,-0.000000000000000000e+00,-0.000000000000000000e+00,0.000000000000000000e+00,6.343648437500000000e+03,4.647531250000000000e+03,3.160346679687500000e+03,1.464228515625000000e+03,2.545342063903808594e+01,1.868648910522460938e+01,-4.719522297382354736e-01,-2.180829048156738281e-01,1.812531280517578125e+02,1.812531280517578125e+02,0.000000000000000000e+00,0.000000000000000000e+00,-1.579410058593750000e+04
-1.851693420410156250e+02,-2.497322235107421875e+02,-6.269694900512695312e+01,-1.272598876953125000e+02,-2.030234222412109375e+02,-2.723018188476562500e+02,-2.384898834228515625e+02,-4.831010131835937500e+02,7.332388183593750000e+03,7.332388183593750000e+03,0.000000000000000000e+00,0.000000000000000000e+00,0.000000000000000000e+00,-4.160374104976654053e-01,-5.610969066619873047e-01,-1.408671289682388306e-01,-2.859267592430114746e-01,4.494673828125000000e+03,6.028407714843750000e+03,1.526834960937500000e+03,3.092858642578125000e+03,3.317166442871093750e+02,3.317166442871093750e+02,0.000000000000000000e+00,0.000000000000000000e+00,0.000000000000000000e+00,4.580976074218750000e+03,6.178222167968750000e+03,1.551083984375000000e+03,3.148331542968750000e+03,-7.798285961151123047e+00,-1.045932292938232422e+01,-9.501423835754394531e+00,-1.924671745300292969e+01,2.964153442382812500e+02,2.964153442382812500e+02,0.000000000000000000e+00,0.000000000000000000e+00,-1.579410058593750000e+04
-2.581069335937500000e+02,-1.854892578125000000e+02,-1.306472930908203125e+02,-5.802961730957031250e+01,3.093757629394531250e+02,2.248875732421875000e+02,-1.793114624023437500e+02,-7.951787567138671875e+01,5.625743164062500000e+03,5.625743164062500000e+03,0.000000000000000000e+00,0.000000000000000000e+00,0.000000000000000000e+00,-1.231777667999267578e+01,-8.852204322814941406e+00,-6.234951496124267578e+00,-2.769378900527954102e+00,-5.905087402343750000e+03,-4.292452148437500000e+03,-3.117267333984375000e+03,-1.382390625000000000e+03,2.947855529785156250e+02,2.947855529785156250e+02,-0.000000000000000000e+00,-0.000000000000000000e+00,0.000000000000000000e+00,6.242619140625000000e+03,4.486275390625000000e+03,3.159858154296875000e+03,1.403514526367187500e+03,1.139662027359008789e+00,8.284289240837097168e-01,-1.356471252441406250e+01,-6.015438556671142578e+00,2.331832733154296875e+02,2.331832733154296875e+02,0.000000000000000000e+00,0.000000000000000000e+00,-1.579410058593750000e+04
-1.849028930664062500e+02,-2.446172027587890625e+02,-6.693473052978515625e+01,-1.266490173339843750e+02,-2.645344848632812500e+02,-3.487188415527343750e+02,-2.733129882812500000e+02,-5.166354370117187500e+02,7.422494140625000000e+03,7.422494140625000000e+03,0.000000000000000000e+00,0.000000000000000000e+00,0.000000000000000000e+00,-1.767973327636718750e+01,-2.338939476013183594e+01,-6.400052070617675781e+00,-1.210971260070800781e+01,4.440566894531250000e+03,5.853714843750000000e+03,1.598888793945312500e+03,3.022332031250000000e+03,4.417179260253906250e+02,4.417179260253906250e+02,0.000000000000000000e+00,0.000000000000000000e+00,0.000000000000000000e+00,4.488664550781250000e+03,5.938276367187500000e+03,1.624893554687500000e+03,3.074505371093750000e+03,6.593244552612304688e+00,8.691452026367187500e+00,-4.961036205291748047e+00,-9.377699851989746094e+00,3.074968566894531250e+02,3.074968566894531250e+02,0.000000000000000000e+00,0.000000000000000000e+00,-1.579410058593750000e+04
-2.432164764404296875e+02,-1.732171936035156250e+02,-1.289795989990234375e+02,-5.898030853271484375e+01,3.238111267089843750e+02,2.348889770507812500e+02,-1.374419860839843750e+02,-6.280225372314453125e+01,5.828236816406250000e+03,5.828236816406250000e+03,0.000000000000000000e+00,0.000000000000000000e+00,0.000000000000000000e+00,-2.979099845886230469e+01,-2.121695518493652344e+01,-1.579839897155761719e+01,-7.224355220794677734e+00,-4.851829101562500000e+03,-3.519462646484375000e+03,-3.182077148437500000e+03,-1.454007080078125000e+03,3.884445190429687500e+02,3.884445190429687500e+02,-0.000000000000000000e+00,-0.000000000000000000e+00,0.000000000000000000e+00,6.034691894531250000e+03,4.297868652343750000e+03,3.200244140625000000e+03,1.463420532226562500e+03,-1.090107536315917969e+01,-7.907518386840820312e+00,-2.124804496765136719e+01,-9.709006309509277344e+00,2.368132934570312500e+02,2.368132934570312500e+02,0.000000000000000000e+00,0.000000000000000000e+00,-1.579410058593750000e+04
-1.735129241943359375e+02,-2.165025329589843750e+02,-7.259683990478515625e+01,-1.155864334106445312e+02,-3.270856933593750000e+02,-4.076864624023437500e+02,-3.405664062500000000e+02,-5.420999145507812500e+02,7.114567382812500000e+03,7.114567382812500000e+03,0.000000000000000000e+00,0.000000000000000000e+00,0.000000000000000000e+00,-3.370036315917968750e+01,-4.204997253417968750e+01,-1.410004425048828125e+01,-2.244965171813964844e+01,4.457818847656250000e+03,5.556318847656250000e+03,1.839870727539062500e+03,2.928632080078125000e+03,5.207086791992187500e+02,5.207086791992187500e+02,0.000000000000000000e+00,0.000000000000000000e+00,0.000000000000000000e+00,4.473482421875000000e+03,5.581833496093750000e+03,1.871680053710937500e+03,2.980030761718750000e+03,2.089569664001464844e+01,2.604483222961425781e+01,6.508672833442687988e-01,1.036024451255798340e+00,2.798753662109375000e+02,2.798753662109375000e+02,0.000000000000000000e+00,0.000000000000000000e+00,-1.579410058593750000e+04
-2.197555389404296875e+02,-1.485857543945312500e+02,-1.261222763061523438e+02,-5.495249557495117188e+01,3.687464294433593750e+02,2.504259643554687500e+02,-1.038047180175781250e+02,-4.521969223022460938e+01,5.552718261718750000e+03,5.552718261718750000e+03,0.000000000000000000e+00,0.000000000000000000e+00,0.000000000000000000e+00,-5.981717300415039062e+01,-4.044485092163085938e+01,-3.433032226562500000e+01,-1.495799827575683594e+01,-4.637031738281250000e+03,-3.149137451171875000e+03,-3.409325683593750000e+03,-1.485179809570312500e+03,4.400746459960937500e+02,4.400746459960937500e+02,-0.000000000000000000e+00,-0.000000000000000000e+00,0.000000000000000000e+00,5.953639160156250000e+03,4.025500244140625000e+03,3.416917236328125000e+03,1.488778564453125000e+03,-3.297816467285156250e+01,-2.239638900756835938e+01,-3.808559799194335938e+01,-1.659095191955566406e+01,2.093786315917968750e+02,2.093786315917968750e+02,0.000000000000000000e+00,0.000000000000000000e+00,-1.579410058593750000e+04
-1.537416229248046875e+02,-1.862137603759765625e+02,-7.345201873779296875e+01,-1.059241333007812500e+02,-3.731946105957031250e+02,-4.522976989746093750e+02,-4.069966735839843750e+02,-5.868801269531250000e+02,6.513737792968750000e+03,6.513737792968750000e+03,0.000000000000000000e+00,0.000000000000000000e+00,0.000000000000000000e+00,-5.480907058715820312e+01,-6.638542938232421875e+01,-2.618573188781738281e+01,-3.776207733154296875e+01,4.394592285156250000e+03,5.326078613281250000e+03,2.069789550781250000e+03,2.984590576171875000e+03,5.509462890625000000e+02,5.509462890625000000e+02,0.000000000000000000e+00,0.000000000000000000e+00,0.000000000000000000e+00,4.415813476562500000e+03,5.348487792968750000e+03,2.109710937500000000e+03,3.042384765625000000e+03,4.155247879028320312e+01,5.036002731323242188e+01,1.152017116546630859e+01,1.661182975769042969e+01,2.336215972900390625e+02,2.336215972900390625e+02,0.000000000000000000e+00,0.000000000000000000e+00,-1.579410058593750000e+04
-1.906006622314453125e+02,-1.269675292968750000e+02,-1.180322189331054688e+02,-5.439904785156250000e+01,3.931553649902343750e+02,2.603587341308593750e+02,-6.944254302978515625e+01,-3.200485229492187500e+01,5.029624023437500000e+03,5.029624023437500000e+03,0.000000000000000000e+00,0.000000000000000000e+00,0.000000000000000000e+00,-8.029135894775390625e+01,-5.348562622070312500e+01,-4.972158813476562500e+01,-2.291583633422851562e+01,-4.382550292968750000e+03,-2.902250244140625000e+03,-3.613277587890625000e+03,-1.665296386718750000e+03,4.493591918945312500e+02,4.493591918945312500e+02,-0.000000000000000000e+00,-0.000000000000000000e+00,0.000000000000000000e+00,5.837434082031250000e+03,3.888572753906250000e+03,3.614915527343750000e+03,1.666053344726562500e+03,-4.744298553466796875e+01,-3.141810035705566406e+01,-5.196646118164062500e+01,-2.395043182373046875e+01,1.704052429199218750e+02,1.704052429199218750e+02,0.000000000000000000e+00,0.000000000000000000e+00,-1.579410058593750000e+04
-1.312146759033203125e+02,-1.602363128662109375e+02,-7.032435607910156250e+01,-9.934601593017578125e+01,-3.975923767089843750e+02,-4.860584106445312500e+02,-4.555067749023437500e+02,-6.434799194335937500e+02,5.818000976562500000e+03,5.818000976562500000e+03,0.000000000000000000e+00,0.000000000000000000e+00,0.000000000000000000e+00,-6.164360427856445312e+01,-7.527773284912109375e+01,-3.303781890869140625e+01,-4.667196273803710938e+01,4.246495117187500000e+03,5.191358398437500000e+03,2.262518310546875000e+03,3.196187500000000000e+03,5.426090698242187500e+02,5.426090698242187500e+02,0.000000000000000000e+00,0.000000000000000000e+00,0.000000000000000000e+00,4.306470214843750000e+03,5.258960937500000000e+03,2.308047851562500000e+03,3.260539550781250000e+03,4.867079162597656250e+01,5.950025177001953125e+01,1.850717926025390625e+01,2.614450263977050781e+01,1.850368194580078125e+02,1.850368194580078125e+02,0.000000000000000000e+00,0.000000000000000000e+00,-1.579410058593750000e+04
-1.619217529296875000e+02,-1.085027236938476562e+02,-1.078588333129882812e+02,-5.443976211547851562e+01,4.261541748046875000e+02,2.832428894042968750e+02,1.325764617919921875e+02,6.688739776611328125e+01,4.523677734375000000e+03,4.523677734375000000e+03,0.000000000000000000e+00,0.000000000000000000e+00,0.000000000000000000e+00,-8.113491058349609375e+01,-5.436798095703125000e+01,-5.404534149169921875e+01,-2.727839279174804688e+01,-4.398273925781250000e+03,-2.923307617187500000e+03,-3.762360595703125000e+03,-1.898183959960937500e+03,4.367678833007812500e+02,4.367678833007812500e+02,0.000000000000000000e+00,0.000000000000000000e+00,0.000000000000000000e+00,5.718558593750000000e+03,3.831969482421875000e+03,3.809229248046875000e+03,1.922638427734375000e+03,-5.033610153198242188e+01,-3.345582962036132812e+01,-4.962645339965820312e+01,-2.503750991821289062e+01,1.342854003906250000e+02,1.342854003906250000e+02,0.000000000000000000e+00,0.000000000000000000e+00,-1.579410058593750000e+04
-1.097973022460937500e+02,-1.391588897705078125e+02,-6.428752136230468750e+01,-9.364910125732421875e+01,-4.019244079589843750e+02,-5.097060241699218750e+02,-4.645889587402343750e+02,-6.767750244140625000e+02,5.254919921875000000e+03,5.254919921875000000e+03,0.000000000000000000e+00,0.000000000000000000e+00,0.000000000000000000e+00,-5.468668365478515625e+01,-6.931079101562500000e+01,-3.201964950561523438e+01,-4.664375686645507812e+01,4.043176757812500000e+03,5.127410644531250000e+03,2.393917236328125000e+03,3.487261718750000000e+03,5.208544311523437500e+02,5.208544311523437500e+02,0.000000000000000000e+00,0.000000000000000000e+00,0.000000000000000000e+00,4.166019531250000000e+03,5.280081054687500000e+03,2.439250000000000000e+03,3.553311279296875000e+03,4.248124694824218750e+01,5.387318801879882812e+01,1.918012428283691406e+01,2.794002723693847656e+01,1.453329315185546875e+02,1.453329315185546875e+02,0.000000000000000000e+00,0.000000000000000000e+00,-1.579410058593750000e+04
-1.382070007324218750e+02,-9.445589447021484375e+01,-9.716083526611328125e+01,-5.340972137451171875e+01,4.524627380371093750e+02,3.072175292968750000e+02,-1.384630859375000000e+03,-7.611025390625000000e+02,5.228981933593750000e+03,5.228981933593750000e+03,0.000000000000000000e+00,0.000000000000000000e+00,0.000000000000000000e+00,-6.677893066406250000e+01,-4.563924789428710938e+01,-4.694622039794921875e+01,-2.580653762817382812e+01,-4.461674316406250000e+03,-3.029430908203125000e+03,3.697657958984375000e+03,2.032525146484375000e+03,5.290093994140625000e+02,5.290093994140625000e+02,0.000000000000000000e+00,0.000000000000000000e+00,0.000000000000000000e+00,5.619185546875000000e+03,3.840363769531250000e+03,3.950340576171875000e+03,2.171519042968750000e+03,-4.189439010620117188e+01,-2.844585800170898438e+01,9.887552261352539062e+00,5.434979915618896484e+00,1.348965148925781250e+02,1.348965148925781250e+02,0.000000000000000000e+00,0.000000000000000000e+00,-1.579410058593750000e+04
-1.148715209960937500e+02,-9.271559143066406250e+01,-7.964197540283203125e+01,-5.748600769042968750e+01,-2.834900512695312500e+02,-2.392174682617187500e+02,-1.334375244140625000e+03,-9.634093017578125000e+02,5.602731933593750000e+03,5.602731933593750000e+03,0.000000000000000000e+00,0.000000000000000000e+00,0.000000000000000000e+00,-1.237546081542968750e+02,-9.988534545898437500e+01,-8.580074310302734375e+01,-6.193143844604492188e+01,2.649532470703125000e+03,2.235755615234375000e+03,3.360996093750000000e+03,2.426614746093750000e+03,5.965482788085937500e+02,5.965482788085937500e+02,0.000000000000000000e+00,0.000000000000000000e+00,0.000000000000000000e+00,5.230354492187500000e+03,4.221545898437500000e+03,3.626275390625000000e+03,2.617465087890625000e+03,5.646403121948242188e+01,4.764605331420898438e+01,5.021781921386718750e+01,3.625690078735351562e+01,1.371647033691406250e+02,1.371647033691406250e+02,0.000000000000000000e+00,0.000000000000000000e+00,-1.579410058593750000e+04
-1.201651916503906250e+02,-6.695812988281250000e+01,-8.831795501708984375e+01,-3.511087417602539062e+01,4.496717529296875000e+02,2.439046478271484375e+02,-1.784606567382812500e+03,-7.093962402343750000e+02,5.466721679687500000e+03,5.466721679687500000e+03,0.000000000000000000e+00,0.000000000000000000e+00,0.000000000000000000e+00,-2.156021881103515625e+02,-1.201372756958007812e+02,-1.584614105224609375e+02,-6.299645614624023438e+01,-3.837968261718750000e+03,-2.081736816406250000e+03,4.117437988281250000e+03,1.636716552734375000e+03,6.362141113281250000e+02,6.362141113281250000e+02,0.000000000000000000e+00,0.000000000000000000e+00,0.000000000000000000e+00,6.108291992187500000e+03,3.403646240234375000e+03,4.489418945312500000e+03,1.784772094726562500e+03,-1.266212387084960938e+02,-6.868011474609375000e+01,1.102241210937500000e+02,4.381502151489257812e+01,1.300001373291015625e+02,1.300001373291015625e+02,0.000000000000000000e+00,0.000000000000000000e+00,-1.579410058593750000e+04
-1.006686782836914062e+02,-7.003163909912109375e+01,-7.110581207275390625e+01,-4.046878814697265625e+01,-4.879837951660156250e+02,-3.572037658691406250e+02,-1.353201904296875000e+03,-7.651513671875000000e+02,5.487785644531250000e+03,5.487785644531250000e+03,0.000000000000000000e+00,0.000000000000000000e+00,0.000000000000000000e+00,-2.574177551269531250e+02,-1.790764312744140625e+02,-1.818231964111328125e+02,-1.034818878173828125e+02,3.713848632812500000e+03,2.718534423828125000e+03,3.685133789062500000e+03,2.083713623046875000e+03,7.154146118164062500e+02,7.154146118164062500e+02,0.000000000000000000e+00,0.000000000000000000e+00,0.000000000000000000e+00,5.638951171875000000e+03,3.922818847656250000e+03,3.982989013671875000e+03,2.266857177734375000e+03,1.608252868652343750e+02,1.177239837646484375e+02,1.440682525634765625e+02,8.146163177490234375e+01,1.306286468505859375e+02,1.306286468505859375e+02,0.000000000000000000e+00,0.000000000000000000e+00,-1.579410058593750000e+04
-1.062328491210937500e+02,-5.286600112915039062e+01,-7.731088256835937500e+01,-2.394401741027832031e+01,3.680212402343750000e+02,1.635674285888671875e+02,-1.919142578125000000e+03,-5.917018432617187500e+02,5.465674316406250000e+03,5.465674316406250000e+03,0.000000000000000000e+00,0.000000000000000000e+00,0.000000000000000000e+00,-3.501307678222656250e+02,-1.742400207519531250e+02,-2.548074188232421875e+02,-7.891662597656250000e+01,-2.466577880859375000e+03,-1.096273193359375000e+03,4.220523437500000000e+03,1.301253784179687500e+03,8.085358276367187500e+02,8.085358276367187500e+02,0.000000000000000000e+00,0.000000000000000000e+00,0.000000000000000000e+00,6.440733886718750000e+03,3.205184326171875000e+03,4.687239257812500000e+03,1.451688964843750000e+03,-1.280178375244140625e+02,-5.689766693115234375e+01,1.977816467285156250e+02,6.097919464111328125e+01,1.341038970947265625e+02,1.341038970947265625e+02,0.000000000000000000e+00,0.000000000000000000e+00,-1.579410058593750000e+04
-9.145212554931640625e+01,-5.665901947021484375e+01,-6.324249649047851562e+01,-2.844938659667968750e+01,-6.779882812500000000e+02,-4.437246704101562500e+02,-1.714579956054687500e+03,-7.666957397460937500e+02,5.430781738281250000e+03,5.430781738281250000e+03,0.000000000000000000e+00,0.000000000000000000e+00,0.000000000000000000e+00,-3.731202087402343750e+02,-2.311660308837890625e+02,-2.580263061523437500e+02,-1.160721054077148438e+02,3.992168701171875000e+03,2.612764404296875000e+03,3.731033203125000000e+03,1.668377929687500000e+03,9.139263305664062500e+02,9.139263305664062500e+02,0.000000000000000000e+00,0.000000000000000000e+00,0.000000000000000000e+00,5.978316406250000000e+03,3.703856445312500000e+03,4.134224609375000000e+03,1.859764648437500000e+03,2.387888488769531250e+02,1.562807159423828125e+02,2.066337432861328125e+02,9.239884948730468750e+01,1.401165313720703125e+02,1.401165313720703125e+02,0.000000000000000000e+00,0.000000000000000000e+00,-1.579410058593750000e+04
-9.443070983886718750e+01,-4.535235595703125000e+01,-6.642028808593750000e+01,-1.734193420410156250e+01,9.327799224853515625e+01,9.715853691101074219e+00,-1.999293090820312500e+03,-5.150142211914062500e+02,5.533336425781250000e+03,5.533336425781250000e+03,0.000000000000000000e+00,0.000000000000000000e+00,0.000000000000000000e+00,-4.446333312988281250e+02,-2.135446166992187500e+02,-3.127443847656250000e+02,-8.165566253662109375e+01,-4.830576171875000000e+02,-5.031537246704101562e+01,4.030593017578125000e+03,1.038273315429687500e+03,1.058613891601562500e+03,1.058613891601562500e+03,0.000000000000000000e+00,0.000000000000000000e+00,0.000000000000000000e+00,6.550979492187500000e+03,3.146247070312500000e+03,4.607801269531250000e+03,1.203068969726562500e+03,-3.144189834594726562e+01,-3.274994134902954102e+00,2.447483520507812500e+02,6.304672622680664062e+01,1.516127471923828125e+02,1.516127471923828125e+02,0.000000000000000000e+00,0.000000000000000000e+00,-1.579410058593750000e+04
-8.173169708251953125e+01,-4.570727920532226562e+01,-5.497154998779296875e+01,-1.894714736938476562e+01,-7.846821899414062500e+02,-4.692424621582031250e+02,-2.030368530273437500e+03,-6.978665161132812500e+02,5.800291015625000000e+03,5.800291015625000000e+03,0.000000000000000000e+00,0.000000000000000000e+00,0.000000000000000000e+00,-4.566853637695312500e+02,-2.553947448730468750e+02,-3.071599121093750000e+02,-1.058693923950195312e+02,3.599166015625000000e+03,2.152312744140625000e+03,3.629775146484375000e+03,1.247605346679687500e+03,1.252624755859375000e+03,1.252624755859375000e+03,0.000000000000000000e+00,0.000000000000000000e+00,0.000000000000000000e+00,6.200394042968750000e+03,3.467481689453125000e+03,4.170294921875000000e+03,1.437383422851562500e+03,2.547504272460937500e+02,1.523415679931640625e+02,2.405846710205078125e+02,8.269236755371093750e+01,1.687187957763671875e+02,1.687187957763671875e+02,0.000000000000000000e+00,0.000000000000000000e+00,-1.579410058593750000e+04
-8.006755828857421875e+01,-3.885054016113281250e+01,-5.375616836547851562e+01,-1.253916740417480469e+01,-3.044627380371093750e+02,-1.888092956542968750e+02,-2.043737915039062500e+03,-4.686458435058593750e+02,5.759335937500000000e+03,5.759335937500000000e+03,0.000000000000000000e+00,0.000000000000000000e+00,0.000000000000000000e+00,-4.977237854003906250e+02,-2.415065307617187500e+02,-3.341643676757812500e+02,-7.794719696044921875e+01,1.244409301757812500e+03,7.717070312500000000e+02,3.724949951171875000e+03,8.541615600585937500e+02,1.396009643554687500e+03,1.396009643554687500e+03,0.000000000000000000e+00,0.000000000000000000e+00,0.000000000000000000e+00,6.496637695312500000e+03,3.152311523437500000e+03,4.361746093750000000e+03,1.017421142578125000e+03,9.158499145507812500e+01,5.679544448852539062e+01,2.601898193359375000e+02,5.966365432739257812e+01,1.779325256347656250e+02,1.779325256347656250e+02,0.000000000000000000e+00,0.000000000000000000e+00,-1.579410058593750000e+04
-6.997472381591796875e+01,-3.686242294311523438e+01,-4.534556579589843750e+01,-1.223326778411865234e+01,-8.334348144531250000e+02,-4.733429565429687500e+02,-1.958085693359375000e+03,-5.186047363281250000e+02,5.832755859375000000e+03,5.832755859375000000e+03,0.000000000000000000e+00,0.000000000000000000e+00,0.000000000000000000e+00,-5.021593933105468750e+02,-2.645357055664062500e+02,-3.254132690429687500e+02,-8.778955841064453125e+01,3.062035156250000000e+03,1.739059570312500000e+03,3.457741699218750000e+03,9.157930908203125000e+02,1.572949096679687500e+03,1.572949096679687500e+03,0.000000000000000000e+00,0.000000000000000000e+00,0.000000000000000000e+00,6.289791015625000000e+03,3.313438476562500000e+03,4.075959472656250000e+03,1.099607055664062500e+03,2.351922912597656250e+02,1.335756683349609375e+02,2.542725067138671875e+02,6.734482574462890625e+01,1.904700469970703125e+02,1.904700469970703125e+02,0.000000000000000000e+00,0.000000000000000000e+00,-1.579410058593750000e+04
-6.545427703857421875e+01,-3.309041213989257812e+01,-4.188926315307617188e+01,-9.525394439697265625e+00,-6.977677001953125000e+02,-3.914879455566406250e+02,-2.070985595703125000e+03,-4.645791931152343750e+02,5.814452148437500000e+03,5.814452148437500000e+03,0.000000000000000000e+00,0.000000000000000000e+00,0.000000000000000000e+00,-5.126478271484375000e+02,-2.591691284179687500e+02,-3.280830688476562500e+02,-7.460433197021484375e+01,2.320417724609375000e+03,1.301888183593750000e+03,3.404748046875000000e+03,7.637788696289062500e+02,1.732974853515625000e+03,1.732974853515625000e+03,0.000000000000000000e+00,0.000000000000000000e+00,0.000000000000000000e+00,6.357700195312500000e+03,3.214135498046875000e+03,4.068784912109375000e+03,9.252198486328125000e+02,1.799212036132812500e+02,1.009461746215820312e+02,2.532175903320312500e+02,5.680369186401367188e+01,1.995983276367187500e+02,1.995983276367187500e+02,0.000000000000000000e+00,0.000000000000000000e+00,-1.579410058593750000e+04
-5.723927688598632812e+01,-2.983086776733398438e+01,-3.598971939086914062e+01,-8.581315994262695312e+00,-9.102429809570312500e+02,-5.105235595703125000e+02,-2.139316650390625000e+03,-5.065740356445312500e+02,5.925277832031250000e+03,5.925277832031250000e+03,0.000000000000000000e+00,0.000000000000000000e+00,0.000000000000000000e+00,-5.094508666992187500e+02,-2.655058288574218750e+02,-3.203218994140625000e+02,-7.637690734863281250e+01,2.760942138671875000e+03,1.548516235351562500e+03,3.257553222656250000e+03,7.713640136718750000e+02,1.936879516601562500e+03,1.936879516601562500e+03,0.000000000000000000e+00,0.000000000000000000e+00,0.000000000000000000e+00,6.259818847656250000e+03,3.262372314453125000e+03,3.935918457031250000e+03,9.384724731445312500e+02,2.163741302490234375e+02,1.213567123413085938e+02,2.455519256591796875e+02,5.814484024047851562e+01,2.118118133544921875e+02,2.118118133544921875e+02,0.000000000000000000e+00,0.000000000000000000e+00,-1.579410058593750000e+04
-4.985134124755859375e+01,-2.599684333801269531e+01,-3.110884284973144531e+01,-7.254341602325439453e+00,-9.518619995117187500e+02,-5.342846679687500000e+02,-2.126967529296875000e+03,-4.910982360839843750e+02,5.816206054687500000e+03,5.816206054687500000e+03,0.000000000000000000e+00,0.000000000000000000e+00,0.000000000000000000e+00,-5.052830505371093750e+02,-2.634987182617187500e+02,-3.153128967285156250e+02,-7.352852630615234375e+01,2.649973876953125000e+03,1.487442993164062500e+03,3.178580322265625000e+03,7.339064941406250000e+02,2.072404052734375000e+03,2.072404052734375000e+03,0.000000000000000000e+00,0.000000000000000000e+00,0.000000000000000000e+00,6.235977539062500000e+03,3.251983154296875000e+03,3.891450683593750000e+03,9.074561767578125000e+02,2.071103363037109375e+02,1.162520141601562500e+02,2.405478057861328125e+02,5.554039382934570312e+01,2.144164886474609375e+02,2.144164886474609375e+02,0.000000000000000000e+00,0.000000000000000000e+00,-1.579410058593750000e+04
-4.048209762573242188e+01,-2.132647132873535156e+01,-2.524070549011230469e+01,-6.085081100463867188e+00,-1.060119262695312500e+03,-5.972965087890625000e+02,-2.080633300781250000e+03,-4.934749145507812500e+02,5.854002441406250000e+03,5.854002441406250000e+03,0.000000000000000000e+00,0.000000000000000000e+00,0.000000000000000000e+00,-4.983728942871093750e+02,-2.625490112304687500e+02,-3.107369384765625000e+02,-7.491310119628906250e+01,2.724785400390625000e+03,1.535209228515625000e+03,3.090974853515625000e+03,7.331030273437500000e+02,2.260405761718750000e+03,2.260405761718750000e+03,0.000000000000000000e+00,0.000000000000000000e+00,0.000000000000000000e+00,6.188458984375000000e+03,3.260156982421875000e+03,3.858522216796875000e+03,9.302204589843750000e+02,2.124993133544921875e+02,1.197271804809570312e+02,2.353137664794921875e+02,5.581062316894531250e+01,2.203306579589843750e+02,2.203306579589843750e+02,0.000000000000000000e+00,0.000000000000000000e+00,-1.579410058593750000e+04
-2.994146728515625000e+01,-1.584115028381347656e+01,-1.873094749450683594e+01,-4.630628585815429688e+00,-1.150544921875000000e+03,-6.496214599609375000e+02,-2.259467529296875000e+03,-5.551681518554687500e+02,5.729084472656250000e+03,5.729084472656250000e+03,0.000000000000000000e+00,0.000000000000000000e+00,0.000000000000000000e+00,-4.925914001464843750e+02,-2.606156311035156250e+02,-3.081580505371093750e+02,-7.618223571777343750e+01,2.744007080078125000e+03,1.549323242187500000e+03,3.067351806640625000e+03,7.536713867187500000e+02,2.385187255859375000e+03,2.385187255859375000e+03,0.000000000000000000e+00,0.000000000000000000e+00,0.000000000000000000e+00,6.169390136718750000e+03,3.264042968750000000e+03,3.859480957031250000e+03,9.541334228515625000e+02,2.135097961425781250e+02,1.205520553588867188e+02,2.339452209472656250e+02,5.748210144042968750e+01,2.182484893798828125e+02,2.182484893798828125e+02,0.000000000000000000e+00,0.000000000000000000e+00,-1.579410058593750000e+04
-1.701276969909667969e+01,-8.922391891479492188e+00,-1.079004287719726562e+01,-2.699662208557128906e+00,-1.223614135742187500e+03,-6.858875122070312500e+02,-2.132779541015625000e+03,-5.226089477539062500e+02,5.745173339843750000e+03,5.745173339843750000e+03,0.000000000000000000e+00,0.000000000000000000e+00,0.000000000000000000e+00,-4.904078674316406250e+02,-2.571956787109375000e+02,-3.110323486328125000e+02,-7.782010650634765625e+01,2.719898681640625000e+03,1.524618408203125000e+03,3.001813964843750000e+03,7.355540771484375000e+02,2.567417480468750000e+03,2.567417480468750000e+03,0.000000000000000000e+00,0.000000000000000000e+00,0.000000000000000000e+00,6.172532226562500000e+03,3.237200683593750000e+03,3.914817382812500000e+03,9.794849853515625000e+02,2.127235107421875000e+02,1.192405319213867188e+02,2.326158294677734375e+02,5.699937820434570312e+01,2.198162841796875000e+02,2.198162841796875000e+02,0.000000000000000000e+00,0.000000000000000000e+00,-1.579410058593750000e+04
-1.950849056243896484e+00,-1.020699739456176758e+00,-1.250489234924316406e+00,-3.203397989273071289e-01,-1.346962646484375000e+03,-7.507510986328125000e+02,-2.459746093750000000e+03,-6.276542968750000000e+02,5.565061035156250000e+03,5.565061035156250000e+03,0.000000000000000000e+00,0.000000000000000000e+00,0.000000000000000000e+00,-4.905258483886718750e+02,-2.566470031738281250e+02,-3.144257812500000000e+02,-8.054695129394531250e+01,2.801293945312500000e+03,1.561345825195312500e+03,3.053854003906250000e+03,7.792529907226562500e+02,2.659037597656250000e+03,2.659037597656250000e+03,0.000000000000000000e+00,0.000000000000000000e+00,0.000000000000000000e+00,6.182851562500000000e+03,3.234916992187500000e+03,3.963191894531250000e+03,1.015257141113281250e+03,2.218198852539062500e+02,1.236348495483398438e+02,2.415059967041015625e+02,6.162517166137695312e+01,2.127146606445312500e+02,2.127146606445312500e+02,0.000000000000000000e+00,0.000000000000000000e+00,-1.579410058593750000e+04
1.582474040985107422e+01,8.067260742187500000e+00,1.035409736633300781e+01,2.596618413925170898e+00,-1.411346435546875000e+03,-7.697447509765625000e+02,-1.997555175781250000e+03,-4.789181823730468750e+02,5.535204101562500000e+03,5.535204101562500000e+03,0.000000000000000000e+00,0.000000000000000000e+00,0.000000000000000000e+00,-4.966567382812500000e+02,-2.531895904541015625e+02,-3.249615478515625000e+02,-8.149442291259765625e+01,2.755300048828125000e+03,1.502733642578125000e+03,2.750666992187500000e+03,6.594783935546875000e+02,2.818234130859375000e+03,2.818234130859375000e+03,0.000000000000000000e+00,0.000000000000000000e+00,0.000000000000000000e+00,6.230408203125000000e+03,3.176186767578125000e+03,4.076543945312500000e+03,1.022322814941406250e+03,2.232233123779296875e+02,1.217454299926757812e+02,2.243429107666015625e+02,5.378669738769531250e+01,2.105964508056640625e+02,2.105964508056640625e+02,0.000000000000000000e+00,0.000000000000000000e+00,-1.579410058593750000e+04
3.380196762084960938e+01,1.745569038391113281e+01,2.225006484985351562e+01,5.903785228729248047e+00,-1.614178466796875000e+03,-8.807424926757812500e+02,-2.683849121093750000e+03,-7.105596313476562500e+02,5.321396972656250000e+03,5.321396972656250000e+03,0.000000000000000000e+00,0.000000000000000000e+00,0.000000000000000000e+00,-4.979774169921875000e+02,-2.571607666015625000e+02,-3.277924499511718750e+02,-8.697576141357421875e+01,2.967786865234375000e+03,1.619310424804687500e+03,3.052919677734375000e+03,8.082725219726562500e+02,2.877601562500000000e+03,2.877601562500000000e+03,0.000000000000000000e+00,0.000000000000000000e+00,0.000000000000000000e+00,6.223815917968750000e+03,3.214043945312500000e+03,4.096812011718750000e+03,1.087039550781250000e+03,2.462240447998046875e+02,1.343469543457031250e+02,2.588450927734375000e+02,6.853025817871093750e+01,2.013406372070312500e+02,2.013406372070312500e+02,0.000000000000000000e+00,0.000000000000000000e+00,-1.579410058593750000e+04
5.426230239868164062e+01,2.669933700561523438e+01,3.652151870727539062e+01,8.958546638488769531e+00,-1.600113281250000000e+03,-8.415256958007812500e+02,-1.250714111328125000e+03,-2.669957580566406250e+02,5.306934082031250000e+03,5.306934082031250000e+03,0.000000000000000000e+00,0.000000000000000000e+00,0.000000000000000000e+00,-5.101575317382812500e+02,-2.510189666748046875e+02,-3.433641052246093750e+02,-8.422550201416015625e+01,2.778789550781250000e+03,1.461410766601562500e+03,1.713935546875000000e+03,3.658817443847656250e+02,3.038786621093750000e+03,3.038786621093750000e+03,0.000000000000000000e+00,0.000000000000000000e+00,0.000000000000000000e+00,6.319813476562500000e+03,3.109614257812500000e+03,4.253582519531250000e+03,1.043382568359375000e+03,2.380522766113281250e+02,1.251955795288085938e+02,1.490935821533203125e+02,3.182769584655761719e+01,1.997358551025390625e+02,1.997358551025390625e+02,0.000000000000000000e+00,0.000000000000000000e+00,-1.579410058593750000e+04
6.651334381103515625e+01,3.588521957397460938e+01,4.409000778198242188e+01,1.346187973022460938e+01,-1.973693237304687500e+03,-1.099736083984375000e+03,-2.797042724609375000e+03,-8.531182861328125000e+02,5.068977050781250000e+03,5.068977050781250000e+03,0.000000000000000000e+00,0.000000000000000000e+00,0.000000000000000000e+00,-4.933094482421875000e+02,-2.661498718261718750e+02,-3.270023193359375000e+02,-9.984271240234375000e+01,3.250301513671875000e+03,1.811058471679687500e+03,2.952762939453125000e+03,9.006140747070312500e+02,3.061590576171875000e+03,3.061590576171875000e+03,0.000000000000000000e+00,0.000000000000000000e+00,0.000000000000000000e+00,6.166837402343750000e+03,3.327126953125000000e+03,4.087840332031250000e+03,1.248128906250000000e+03,2.812919311523437500e+02,1.567350311279296875e+02,2.663710021972656250e+02,8.124508666992187500e+01,1.902364044189453125e+02,1.902364044189453125e+02,0.000000000000000000e+00,0.000000000000000000e+00,-1.579410058593750000e+04
8.170498657226562500e+01,4.043257522583007812e+01,5.548114776611328125e+01,1.420872497558593750e+01,-1.695588012695312500e+03,-8.916774902343750000e+02,-3.484717407226562500e+02,-5.365521240234375000e+01,5.080617675781250000e+03,5.080617675781250000e+03,0.000000000000000000e+00,0.000000000000000000e+00,0.000000000000000000e+00,-5.045630493164062500e+02,-2.496883544921875000e+02,-3.426196899414062500e+02,-8.774492645263671875e+01,2.658002929687500000e+03,1.397793212890625000e+03,4.685246887207031250e+02,7.214010620117187500e+01,3.224306640625000000e+03,3.224306640625000000e+03,0.000000000000000000e+00,0.000000000000000000e+00,0.000000000000000000e+00,6.353437500000000000e+03,3.144065673828125000e+03,4.314253417968750000e+03,1.104880493164062500e+03,2.328925323486328125e+02,1.224737472534179688e+02,4.168957519531250000e+01,6.419065475463867188e+00,1.907241821289062500e+02,1.907241821289062500e+02,0.000000000000000000e+00,0.000000000000000000e+00,-1.579410058593750000e+04
8.215611267089843750e+01,4.825894546508789062e+01,5.383687591552734375e+01,1.993971824645996094e+01,-2.179578857421875000e+03,-1.297131591796875000e+03,-2.787021728515625000e+03,-1.031679931640625000e+03,4.837279785156250000e+03,4.837279785156250000e+03,0.000000000000000000e+00,0.000000000000000000e+00,0.000000000000000000e+00,-4.659458923339843750e+02,-2.736991271972656250e+02,-3.053341979980468750e+02,-1.130875091552734375e+02,3.268035156250000000e+03,1.944904052734375000e+03,2.785092285156250000e+03,1.030965698242187500e+03,3.210462646484375000e+03,3.210462646484375000e+03,0.000000000000000000e+00,0.000000000000000000e+00,0.000000000000000000e+00,6.034990234375000000e+03,3.544985839843750000e+03,3.954727294921875000e+03,1.464723754882812500e+03,2.819877319335937500e+02,1.678191986083984375e+02,2.529702758789062500e+02,9.364273834228515625e+01,1.820201110839843750e+02,1.820201110839843750e+02,0.000000000000000000e+00,0.000000000000000000e+00,-1.579410058593750000e+04
8.820206451416015625e+01,4.601682662963867188e+01,5.945257568359375000e+01,1.726731300354003906e+01,-1.604556152343750000e+03,-8.826724853515625000e+02,6.270661621093750000e+02,2.033730773925781250e+02,4.869328125000000000e+03,4.869328125000000000e+03,0.000000000000000000e+00,0.000000000000000000e+00,0.000000000000000000e+00,-4.723536987304687500e+02,-2.464366149902343750e+02,-3.183898925781250000e+02,-9.247265625000000000e+01,2.311544433593750000e+03,1.271589477539062500e+03,-8.372199707031250000e+02,-2.715311584472656250e+02,3.364445312500000000e+03,3.364445312500000000e+03,0.000000000000000000e+00,0.000000000000000000e+00,0.000000000000000000e+00,6.299478515625000000e+03,3.286567138671875000e+03,4.246161621093750000e+03,1.233248535156250000e+03,1.957926940917968750e+02,1.077063064575195312e+02,-7.155711364746093750e+01,-2.320774269104003906e+01,1.840983428955078125e+02,1.840983428955078125e+02,0.000000000000000000e+00,0.000000000000000000e+00,-1.579410058593750000e+04
7.453404998779296875e+01,4.971955108642578125e+01,4.753931045532226562e+01,2.272480392456054688e+01,-2.197481201171875000e+03,-1.459462646484375000e+03,-2.651204101562500000e+03,-1.266889770507812500e+03,4.610159667968750000e+03,4.610159667968750000e+03,0.000000000000000000e+00,0.000000000000000000e+00,0.000000000000000000e+00,-4.117205200195312500e+02,-2.746470947265625000e+02,-2.626036071777343750e+02,-1.255301132202148438e+02,3.058130371093750000e+03,2.031064941406250000e+03,2.562362304687500000e+03,1.224436279296875000e+03,3.298681640625000000e+03,3.298681640625000000e+03,0.000000000000000000e+00,0.000000000000000000e+00,0.000000000000000000e+00,5.797970703125000000e+03,3.867662109375000000e+03,3.698062255859375000e+03,1.767752441406250000e+03,2.454103546142578125e+02,1.629898986816406250e+02,2.160379943847656250e+02,1.032347259521484375e+02,1.749786071777343750e+02,1.749786071777343750e+02,0.000000000000000000e+00,0.000000000000000000e+00,-1.579410058593750000e+04
6.961319732666015625e+01,3.987883758544921875e+01,4.617837905883789062e+01,1.644402503967285156e+01,-1.252942626953125000e+03,-7.512871093750000000e+02,1.420006835937500000e+03,5.135627441406250000e+02,4.664924316406250000e+03,4.664924316406250000e+03,0.000000000000000000e+00,0.000000000000000000e+00,0.000000000000000000e+00,-4.114414672851562500e+02,-2.356996917724609375e+02,-2.729324645996093750e+02,-9.719068908691406250e+01,1.692785888671875000e+03,1.015025085449218750e+03,-1.918652709960937500e+03,-6.939041137695312500e+02,3.439427246093750000e+03,3.439427246093750000e+03,0.000000000000000000e+00,0.000000000000000000e+00,0.000000000000000000e+00,6.139897460937500000e+03,3.517321533203125000e+03,4.072942138671875000e+03,1.450366333007812500e+03,1.276411743164062500e+02,7.653595733642578125e+01,-1.446709136962890625e+02,-5.232199478149414062e+01,1.775897521972656250e+02,1.775897521972656250e+02,0.000000000000000000e+00,0.000000000000000000e+00,-1.579410058593750000e+04
4.579181671142578125e+01,3.568082427978515625e+01,2.822918701171875000e+01,1.811819648742675781e+01,-2.014681762695312500e+03,-1.539034057617187500e+03,-2.424117919921875000e+03,-1.555346557617187500e+03,4.355844238281250000e+03,4.355844238281250000e+03,0.000000000000000000e+00,0.000000000000000000e+00,0.000000000000000000e+00,-3.350675048828125000e+02,-2.610834350585937500e+02,-2.065583648681640625e+02,-1.325743103027343750e+02,2.657104003906250000e+03,2.029786376953125000e+03,2.318749511718750000e+03,1.487740844726562500e+03,3.291490722656250000e+03,3.291490722656250000e+03,0.000000000000000000e+00,0.000000000000000000e+00,0.000000000000000000e+00,5.457234863281250000e+03,4.252258300781250000e+03,3.364210205078125000e+03,2.159233886718750000e+03,1.800481872558593750e+02,1.375404815673828125e+02,1.627092285156250000e+02,1.043964233398437500e+02,1.655434722900390625e+02,1.655434722900390625e+02,0.000000000000000000e+00,0.000000000000000000e+00,-1.579410058593750000e+04
3.118137359619140625e+01,2.008971023559570312e+01,2.038990020751953125e+01,9.298239707946777344e+00,-6.717705688476562500e+02,-4.529591064453125000e+02,1.718942504882812500e+03,7.857441406250000000e+02,4.433568359375000000e+03,4.433568359375000000e+03,0.000000000000000000e+00,0.000000000000000000e+00,0.000000000000000000e+00,-3.285450439453125000e+02,-2.116768341064453125e+02,-2.148398132324218750e+02,-9.797164916992187500e+01,8.691126708984375000e+02,5.860222167968750000e+02,-2.356782470703125000e+03,-1.077306518554687500e+03,3.416833740234375000e+03,3.416833740234375000e+03,0.000000000000000000e+00,0.000000000000000000e+00,0.000000000000000000e+00,5.879391601562500000e+03,3.788007080078125000e+03,3.844609375000000000e+03,1.753225952148437500e+03,5.212944412231445312e+01,3.514965820312500000e+01,-1.408153076171875000e+02,-6.436794281005859375e+01,1.674219207763671875e+02,1.674219207763671875e+02,0.000000000000000000e+00,0.000000000000000000e+00,-1.579410058593750000e+04
7.648823738098144531e+00,6.903876304626464844e+00,4.603202819824218750e+00,3.858255624771118164e+00,-1.653695190429687500e+03,-1.449377563476562500e+03,-2.184410888671875000e+03,-1.830052734375000000e+03,4.049192138671875000e+03,4.049192138671875000e+03,0.000000000000000000e+00,0.000000000000000000e+00,0.000000000000000000e+00,-2.518451843261718750e+02,-2.273170471191406250e+02,-1.515650787353515625e+02,-1.270369338989257812e+02,2.108298095703125000e+03,1.847813232421875000e+03,2.118886230468750000e+03,1.775157470703125000e+03,3.168433105468750000e+03,3.168433105468750000e+03,0.000000000000000000e+00,0.000000000000000000e+00,0.000000000000000000e+00,5.084416503906250000e+03,4.589226562500000000e+03,3.059895507812500000e+03,2.564705322265625000e+03,1.069175796508789062e+02,9.370767974853515625e+01,1.082404403686523438e+02,9.068151855468750000e+01,1.508497772216796875e+02,1.508497772216796875e+02,0.000000000000000000e+00,0.000000000000000000e+00,-1.579410058593750000e+04
-1.131989479064941406e+01,-8.153344154357910156e+00,-7.394179821014404297e+00,-4.227627277374267578e+00,-7.352774047851562500e+01,-6.511200714111328125e+01,1.805472167968750000e+03,1.032194580078125000e+03,4.148334472656250000e+03,4.148334472656250000e+03,0.000000000000000000e+00,0.000000000000000000e+00,0.000000000000000000e+00,-2.427106323242187500e+02,-1.748163909912109375e+02,-1.585391082763671875e+02,-9.064483642578125000e+01,9.271720123291015625e+01,8.210511016845703125e+01,-2.513877197265625000e+03,-1.437192260742187500e+03,3.283414550781250000e+03,3.283414550781250000e+03,0.000000000000000000e+00,0.000000000000000000e+00,0.000000000000000000e+00,5.573758300781250000e+03,4.014592773437500000e+03,3.640791015625000000e+03,2.081624755859375000e+03,3.888062953948974609e+00,3.443048715591430664e+00,-1.058005981445312500e+02,-6.048656463623046875e+01,1.514020233154296875e+02,1.514020233154296875e+02,0.000000000000000000e+00,0.000000000000000000e+00,-1.579410058593750000e+04
-2.684020614624023438e+01,-2.752547073364257812e+01,-1.610062217712402344e+01,-1.678587913513183594e+01,-1.270439086914062500e+03,-1.264965942382812500e+03,-1.958668090820312500e+03,-2.040525756835937500e+03,3.689714111328125000e+03,3.689714111328125000e+03,0.000000000000000000e+00,0.000000000000000000e+00,0.000000000000000000e+00,-1.758713531494140625e+02,-1.803615722656250000e+02,-1.054998703002929688e+02,-1.099900360107421875e+02,1.589372436523437500e+03,1.582525268554687500e+03,1.971437744140625000e+03,2.053829101562500000e+03,2.945028320312500000e+03,2.945028320312500000e+03,0.000000000000000000e+00,0.000000000000000000e+00,0.000000000000000000e+00,4.715196289062500000e+03,4.835581054687500000e+03,2.828502685546875000e+03,2.948886230468750000e+03,5.205006408691406250e+01,5.182582855224609375e+01,6.238307571411132812e+01,6.499021911621093750e+01,1.308490295410156250e+02,1.308490295410156250e+02,0.000000000000000000e+00,0.000000000000000000e+00,-1.579410058593750000e+04
-4.625508117675781250e+01,-3.648406219482421875e+01,-3.074946022033691406e+01,-2.097845268249511719e+01,3.430145874023437500e+02,2.625420837402343750e+02,1.825626220703125000e+03,1.245107910156250000e+03,3.796708007812500000e+03,3.796708007812500000e+03,0.000000000000000000e+00,0.000000000000000000e+00,0.000000000000000000e+00,-1.669941253662109375e+02,-1.317179412841796875e+02,-1.110143814086914062e+02,-7.573824310302734375e+01,-4.267041931152343750e+02,-3.265977783203125000e+02,-2.582683105468750000e+03,-1.761433349609375000e+03,3.048863769531250000e+03,3.048863769531250000e+03,0.000000000000000000e+00,0.000000000000000000e+00,0.000000000000000000e+00,5.274811035156250000e+03,4.160548828125000000e+03,3.506589843750000000e+03,2.392329101562500000e+03,-1.050102710723876953e+01,-8.037446975708007812e+00,-6.575561523437500000e+01,-4.484643936157226562e+01,1.298168640136718750e+02,1.298168640136718750e+02,0.000000000000000000e+00,0.000000000000000000e+00,-1.579410058593750000e+04
-5.045201873779296875e+01,-5.677651596069335938e+01,-3.107475852966308594e+01,-3.739925765991210938e+01,-9.564438476562500000e+02,-1.054566772460937500e+03,-1.717024169921875000e+03,-2.063887207031250000e+03,3.276546386718750000e+03,3.276546386718750000e+03,0.000000000000000000e+00,0.000000000000000000e+00,0.000000000000000000e+00,-1.160941009521484375e+02,-1.306472625732421875e+02,-7.150548553466796875e+01,-8.605866241455078125e+01,1.185189697265625000e+03,1.306779907226562500e+03,1.840333007812500000e+03,2.212106201171875000e+03,2.642330322265625000e+03,2.642330322265625000e+03,0.000000000000000000e+00,0.000000000000000000e+00,0.000000000000000000e+00,4.408323730468750000e+03,4.960936523437500000e+03,2.715205566406250000e+03,3.267818359375000000e+03,2.026598167419433594e+01,2.234509658813476562e+01,2.881468582153320312e+01,3.463565826416015625e+01,1.070854492187500000e+02,1.070854492187500000e+02,0.000000000000000000e+00,0.000000000000000000e+00,-1.579410058593750000e+04
-6.759969329833984375e+01,-5.684881210327148438e+01,-4.659594726562500000e+01,-3.584506225585937500e+01,5.479810180664062500e+02,4.570538635253906250e+02,1.838138061523437500e+03,1.413833374023437500e+03,3.328192626953125000e+03,3.328192626953125000e+03,0.000000000000000000e+00,0.000000000000000000e+00,0.000000000000000000e+00,-1.089118576049804688e+02,-9.159078979492187500e+01,-7.507210540771484375e+01,-5.775103378295898438e+01,-6.772583618164062500e+02,-5.648800659179687500e+02,-2.635858642578125000e+03,-2.027412841796875000e+03,2.691782714843750000e+03,2.691782714843750000e+03,0.000000000000000000e+00,0.000000000000000000e+00,0.000000000000000000e+00,5.022801269531250000e+03,4.223987792968750000e+03,3.462178222656250000e+03,2.663364257812500000e+03,-7.310286045074462891e+00,-6.097281455993652344e+00,-3.241590881347656250e+01,-2.493321609497070312e+01,1.031599273681640625e+02,1.031599273681640625e+02,0.000000000000000000e+00,0.000000000000000000e+00,-1.579410058593750000e+04
-6.192228317260742188e+01,-7.377000427246093750e+01,-4.033365631103515625e+01,-5.218139648437500000e+01,-7.376351318359375000e+02,-8.711071777343750000e+02,-5.012745971679687500e+02,-6.431278076171875000e+02,2.740053710937500000e+03,2.740053710937500000e+03,0.000000000000000000e+00,0.000000000000000000e+00,0.000000000000000000e+00,-7.370996093750000000e+01,-8.781304168701171875e+01,-4.801167297363281250e+01,-6.211477661132812500e+01,9.102432250976562500e+02,1.074948120117187500e+03,6.182246704101562500e+02,7.931729736328125000e+02,2.220012451171875000e+03,2.220012451171875000e+03,0.000000000000000000e+00,0.000000000000000000e+00,0.000000000000000000e+00,4.180009765625000000e+03,4.979779785156250000e+03,2.722688232421875000e+03,3.522459716796875000e+03,5.123896598815917969e+00,6.051044940948486328e+00,3.475887298583984375e+00,4.459511280059814453e+00,7.973843383789062500e+01,7.973843383789062500e+01,0.000000000000000000e+00,0.000000000000000000e+00,-1.579410058593750000e+04
-8.043119049072265625e+01,-7.987046051025390625e+01,-5.707775115966796875e+01,-5.651705169677734375e+01,2.959096069335937500e+02,2.938768615722656250e+02,1.664413940429687500e+03,1.648085815429687500e+03,2.648841308593750000e+03,2.648841308593750000e+03,0.000000000000000000e+00,0.000000000000000000e+00,0.000000000000000000e+00,-5.215494537353515625e+01,-5.179133987426757812e+01,-3.701159667968750000e+01,-3.664801788330078125e+01,-3.657001647949218750e+02,-3.631879882812500000e+02,-2.431757568359375000e+03,-2.407901611328125000e+03,2.143537841796875000e+03,2.143537841796875000e+03,0.000000000000000000e+00,0.000000000000000000e+00,0.000000000000000000e+00,4.535540039062500000e+03,4.503920410156250000e+03,3.218632324218750000e+03,3.187014160156250000e+03,1.042277336120605469e+00,1.035117387771606445e+00,1.552762627601623535e+00,1.537529826164245605e+00,7.162223815917968750e+01,7.162223815917968750e+01,0.000000000000000000e+00,0.000000000000000000e+00,-1.579410058593750000e+04
-7.703251647949218750e+01,-1.009820709228515625e+02,-5.374720382690429688e+01,-7.769680023193359375e+01,-3.922389526367187500e+02,-5.223485107421875000e+02,1.308982788085937500e+03,1.891788452148437500e+03,2.104869873046875000e+03,2.104869873046875000e+03,0.000000000000000000e+00,0.000000000000000000e+00,0.000000000000000000e+00,-2.251340866088867188e+01,-2.951286888122558594e+01,-1.570807838439941406e+01,-2.270755195617675781e+01,4.871309814453125000e+02,6.487171630859375000e+02,-1.985083007812500000e+03,-2.868912353515625000e+03,1.695378784179687500e+03,1.695378784179687500e+03,0.000000000000000000e+00,0.000000000000000000e+00,0.000000000000000000e+00,3.853847412109375000e+03,5.052016113281250000e+03,2.688910400390625000e+03,3.887081054687500000e+03,-4.994534492492675781e+00,-6.651270866394042969e+00,1.456810474395751953e+01,2.105434226989746094e+01,5.197718811035156250e+01,5.197718811035156250e+01,0.000000000000000000e+00,0.000000000000000000e+00,-1.579410058593750000e+04
-9.281916809082031250e+01,-1.400906372070312500e+02,-6.745842742919921875e+01,-1.147299346923828125e+02,-7.826666259765625000e+01,-1.499669494628906250e+02,1.200817260742187500e+03,2.041406372070312500e+03,1.876895629882812500e+03,1.876895629882812500e+03,0.000000000000000000e+00,0.000000000000000000e+00,0.000000000000000000e+00,2.139890098571777344e+01,3.229705429077148438e+01,1.555213356018066406e+01,2.645029449462890625e+01,9.848181915283203125e+01,1.887012481689453125e+02,-1.886093627929687500e+03,-3.206385742187500000e+03,1.492758666992187500e+03,1.492758666992187500e+03,0.000000000000000000e+00,0.000000000000000000e+00,0.000000000000000000e+00,3.462381591796875000e+03,5.225723144531250000e+03,2.516364013671875000e+03,4.279706542968750000e+03,-2.706821203231811523e+00,-5.186546802520751953e+00,4.384819030761718750e+01,7.454254150390625000e+01,4.108977890014648438e+01,4.108977890014648438e+01,0.000000000000000000e+00,0.000000000000000000e+00,-1.579410058593750000e+04
-1.016364746093750000e+02,-1.766732482910156250e+02,-7.799768066406250000e+01,-1.530344085693359375e+02,2.362594757080078125e+02,3.496999206542968750e+02,1.125409301757812500e+03,2.207563720703125000e+03,1.424584350585937500e+03,1.424584350585937500e+03,0.000000000000000000e+00,0.000000000000000000e+00,0.000000000000000000e+00,5.693841934204101562e+01,9.897525024414062500e+01,4.369557952880859375e+01,8.573238372802734375e+01,-3.038634643554687500e+02,-4.497641296386718750e+02,-1.880010864257812500e+03,-3.687763671875000000e+03,1.108813598632812500e+03,1.108813598632812500e+03,0.000000000000000000e+00,0.000000000000000000e+00,0.000000000000000000e+00,3.076569091796875000e+03,5.347957031250000000e+03,2.361015380859375000e+03,4.632401367187500000e+03,1.342862224578857422e+01,1.987640190124511719e+01,7.197220611572265625e+01,1.411781768798828125e+02,2.654113578796386719e+01,2.654113578796386719e+01,0.000000000000000000e+00,0.000000000000000000e+00,-1.579410058593750000e+04
-1.017401199340820312e+02,-2.109003448486328125e+02,-8.429573059082031250e+01,-1.934559783935546875e+02,4.300091247558593750e+02,7.985657958984375000e+02,1.008502136230468750e+03,2.313588378906250000e+03,1.122893554687500000e+03,1.122893554687500000e+03,0.000000000000000000e+00,0.000000000000000000e+00,0.000000000000000000e+00,8.213053131103515625e+01,1.702510070800781250e+02,6.804840850830078125e+01,1.561688995361328125e+02,-5.696939086914062500e+02,-1.057973144531250000e+03,-1.752370361328125000e+03,-4.020084472656250000e+03,8.485883789062500000e+02,8.485883789062500000e+02,0.000000000000000000e+00,0.000000000000000000e+00,0.000000000000000000e+00,2.634328857421875000e+03,5.460784667968750000e+03,2.182646240234375000e+03,5.009102539062500000e+03,3.436869049072265625e+01,6.382576751708984375e+01,9.358293151855468750e+01,2.146870880126953125e+02,1.691068649291992188e+01,1.691068649291992188e+01,0.000000000000000000e+00,0.000000000000000000e+00,-1.579410058593750000e+04
-9.601377105712890625e+01,-2.414203643798828125e+02,-8.754673004150390625e+01,-2.329533081054687500e+02,5.380130004882812500e+02,1.237627563476562500e+03,9.032492675781250000e+02,2.402280517578125000e+03,7.371379394531250000e+02,7.371379394531250000e+02,0.000000000000000000e+00,0.000000000000000000e+00,0.000000000000000000e+00,9.750553131103515625e+01,2.451713104248046875e+02,8.890694427490234375e+01,2.365726928710937500e+02,-7.391597290039062500e+02,-1.700338745117187500e+03,-1.664281616210937500e+03,-4.426321289062500000e+03,5.371754760742187500e+02,5.371754760742187500e+02,0.000000000000000000e+00,0.000000000000000000e+00,0.000000000000000000e+00,2.203749023437500000e+03,5.541183593750000000e+03,2.009410034179687500e+03,5.346843750000000000e+03,5.614469909667968750e+01,1.291534271240234375e+02,1.129897460937500000e+02,3.005073852539062500e+02,8.348415374755859375e+00,8.348415374755859375e+00,0.000000000000000000e+00,0.000000000000000000e+00,-1.579410058593750000e+04
-8.521286773681640625e+01,-2.670243225097656250e+02,-8.786167907714843750e+01,-2.696731872558593750e+02,5.528340454101562500e+02,1.607652832031250000e+03,7.993145141601562500e+02,2.451795166015625000e+03,4.182344665527343750e+02,4.182344665527343750e+02,0.000000000000000000e+00,0.000000000000000000e+00,0.000000000000000000e+00,1.023927383422851562e+02,3.208594055175781250e+02,1.055755767822265625e+02,3.240422973632812500e+02,-7.921938476562500000e+02,-2.303716064453125000e+03,-1.560645141601562500e+03,-4.787079589843750000e+03,2.921556091308593750e+02,2.921556091308593750e+02,0.000000000000000000e+00,0.000000000000000000e+00,0.000000000000000000e+00,1.787766357421875000e+03,5.602171386718750000e+03,1.843338378906250000e+03,5.657744628906250000e+03,7.172272491455078125e+01,2.085711669921875000e+02,1.274834442138671875e+02,3.910391845703125000e+02,3.201953649520874023e+00,3.201953649520874023e+00,0.000000000000000000e+00,0.000000000000000000e+00,-1.579410058593750000e+04
-7.220140838623046875e+01,-2.864300537109375000e+02,-8.622943878173828125e+01,-3.004580688476562500e+02,5.117650451660156250e+02,1.911059204101562500e+03,7.055227050781250000e+02,2.456902099609375000e+03,7.839222717285156250e+01,7.839222717285156250e+01,0.000000000000000000e+00,0.000000000000000000e+00,0.000000000000000000e+00,9.935282897949218750e+01,3.941423950195312500e+02,1.186561279296875000e+02,4.134456787109375000e+02,-7.688385009765625000e+02,-2.871036132812500000e+03,-1.476443725585937500e+03,-5.141546386718750000e+03,5.221493530273437500e+01,5.221493530273437500e+01,0.000000000000000000e+00,0.000000000000000000e+00,0.000000000000000000e+00,1.422536621093750000e+03,5.643341796875000000e+03,1.698921752929687500e+03,5.919727050781250000e+03,7.967207336425781250e+01,2.975155334472656250e+02,1.389269104003906250e+02,4.837970581054687500e+02,3.320317268371582031e-01,3.320317268371582031e-01,0.000000000000000000e+00,0.000000000000000000e+00,-1.579410058593750000e+04
-5.897770690917968750e+01,-2.989949035644531250e+02,-8.343597412109375000e+01,-3.234532470703125000e+02,4.416789245605468750e+02,2.135576171875000000e+03,6.225587158203125000e+02,2.412408935546875000e+03,-2.349144592285156250e+02,-2.349144592285156250e+02,-0.000000000000000000e+00,-0.000000000000000000e+00,0.000000000000000000e+00,9.113280487060546875e+01,4.620092468261718750e+02,1.289259185791015625e+02,4.998024291992187500e+02,-6.990015258789062500e+02,-3.379765136718750000e+03,-1.410232299804687500e+03,-5.464636230468750000e+03,-1.484689483642578125e+02,-1.484689483642578125e+02,-0.000000000000000000e+00,-0.000000000000000000e+00,0.000000000000000000e+00,1.118845581054687500e+03,5.672128417968750000e+03,1.582834838867187500e+03,6.136118652343750000e+03,8.021767425537109375e+01,3.878630676269531250e+02,1.476839294433593750e+02,5.722738037109375000e+02,-2.898744642734527588e-01,-2.898744642734527588e-01,-0.000000000000000000e+00,-0.000000000000000000e+00,-1.579410058593750000e+04
-4.719603729248046875e+01,-3.048450012207031250e+02,-8.005847167968750000e+01,-3.377073669433593750e+02,3.663092956542968750e+02,2.282172851562500000e+03,5.488000488281250000e+02,2.314368164062500000e+03,-5.515548095703125000e+02,-5.515548095703125000e+02,-0.000000000000000000e+00,-0.000000000000000000e+00,0.000000000000000000e+00,8.092916870117187500e+01,5.227314453125000000e+02,1.372798614501953125e+02,5.790820312500000000e+02,-6.135594482421875000e+02,-3.822585693359375000e+03,-1.363681274414062500e+03,-5.750838867187500000e+03,-3.292053222656250000e+02,-3.292053222656250000e+02,-0.000000000000000000e+00,-0.000000000000000000e+00,0.000000000000000000e+00,8.817480468750000000e+02,5.695318847656250000e+03,1.495706054687500000e+03,6.309275878906250000e+03,7.592101287841796875e+01,4.730015869140625000e+02,1.545371093750000000e+02,6.517050781250000000e+02,6.930720806121826172e-01,6.930720806121826172e-01,-0.000000000000000000e+00,-0.000000000000000000e+00,-1.579410058593750000e+04
-3.749999237060546875e+01,-3.044209289550781250e+02,-7.647788238525390625e+01,-3.433988342285156250e+02,2.982378234863281250e+02,2.356462402343750000e+03,4.832306518554687500e+02,2.169473632812500000e+03,-8.590518798828125000e+02,-8.590518798828125000e+02,-0.000000000000000000e+00,-0.000000000000000000e+00,0.000000000000000000e+00,7.088200378417968750e+01,5.754125366210937500e+02,1.445575103759765625e+02,6.490880737304687500e+02,-5.312275390625000000e+02,-4.197380859375000000e+03,-1.334517456054687500e+03,-5.991342773437500000e+03,-4.819217529296875000e+02,-4.819217529296875000e+02,-0.000000000000000000e+00,-0.000000000000000000e+00,0.000000000000000000e+00,7.040067749023437500e+02,5.715051757812500000e+03,1.435758911132812500e+03,6.446804199218750000e+03,6.937204742431640625e+01,5.481284179687500000e+02,1.601041717529296875e+02,7.187908935546875000e+02,2.762956380844116211e+00,2.762956380844116211e+00,-0.000000000000000000e+00,-0.000000000000000000e+00,-1.579410058593750000e+04
-2.980945968627929688e+01,-2.981986999511718750e+02,-7.277244567871093750e+01,-3.411617126464843750e+02,2.414218139648437500e+02,2.367085205078125000e+03,4.236198120117187500e+02,1.985814941406250000e+03,-1.165366455078125000e+03,-1.165366455078125000e+03,-0.000000000000000000e+00,-0.000000000000000000e+00,0.000000000000000000e+00,6.195474243164062500e+01,6.197637939453125000e+02,1.512472229003906250e+02,7.090563354492187500e+02,-4.596158752441406250e+02,-4.506427734375000000e+03,-1.320047363281250000e+03,-6.188024414062500000e+03,-6.113876953125000000e+02,-6.113876953125000000e+02,-0.000000000000000000e+00,-0.000000000000000000e+00,0.000000000000000000e+00,5.727416992187500000e+02,5.729416992187500000e+03,1.398207519531250000e+03,6.554883300781250000e+03,6.228294372558593750e+01,6.106698608398437500e+02,1.648405914306640625e+02,7.727280273437500000e+02,5.481400966644287109e+00,5.481400966644287109e+00,-0.000000000000000000e+00,-0.000000000000000000e+00,-1.579410058593750000e+04
-2.358927726745605469e+01,-2.865008544921875000e+02,-6.888298797607421875e+01,-3.317945251464843750e+02,1.940868377685546875e+02,2.322740234375000000e+03,3.688233642578125000e+02,1.776507202148437500e+03,-1.465569824218750000e+03,-1.465569824218750000e+03,-0.000000000000000000e+00,-0.000000000000000000e+00,0.000000000000000000e+00,5.398390579223632812e+01,6.556553344726562500e+02,1.576382751464843750e+02,7.593096313476562500e+02,-3.971035766601562500e+02,-4.752349121093750000e+03,-1.317094848632812500e+03,-6.344035156250000000e+03,-7.151203613281250000e+02,-7.151203613281250000e+02,-0.000000000000000000e+00,-0.000000000000000000e+00,0.000000000000000000e+00,4.720090637207031250e+02,5.732731933593750000e+03,1.378312500000000000e+03,6.639034667968750000e+03,5.511667251586914062e+01,6.596104736328125000e+02,1.690691986083984375e+02,8.143536376953125000e+02,8.544870376586914062e+00,8.544870376586914062e+00,-0.000000000000000000e+00,-0.000000000000000000e+00,-1.579410058593750000e+04
-1.829079627990722656e+01,-2.695486450195312500e+02,-6.468439483642578125e+01,-3.159421997070312500e+02,1.530610351562500000e+02,2.231669189453125000e+03,3.171955871582031250e+02,1.549344482421875000e+03,-1.758285888671875000e+03,-1.758285888671875000e+03,-0.000000000000000000e+00,-0.000000000000000000e+00,0.000000000000000000e+00,4.634728240966796875e+01,6.830126953125000000e+02,1.639046020507812500e+02,8.005698852539062500e+02,-3.386430358886718750e+02,-4.937501953125000000e+03,-1.323552978515625000e+03,-6.464905761718750000e+03,-7.930493164062500000e+02,-7.930493164062500000e+02,-0.000000000000000000e+00,-0.000000000000000000e+00,0.000000000000000000e+00,3.880336303710937500e+02,5.718391113281250000e+03,1.372259521484375000e+03,6.702616210937500000e+03,4.766286468505859375e+01,6.949367675781250000e+02,1.730387420654296875e+02,8.452092285156250000e+02,1.184235000610351562e+01,1.184235000610351562e+01,-0.000000000000000000e+00,-0.000000000000000000e+00,-1.579410058593750000e+04
-1.360079002380371094e+01,-2.476007690429687500e+02,-6.008480453491210938e+01,-2.940847778320312500e+02,1.163173446655273438e+02,2.101691650390625000e+03,2.679142150878906250e+02,1.311420898437500000e+03,-2.037326416015625000e+03,-2.037326416015625000e+03,-0.000000000000000000e+00,-0.000000000000000000e+00,0.000000000000000000e+00,3.854916763305664062e+01,7.017830200195312500e+02,1.703003540039062500e+02,8.335342407226562500e+02,-2.802805175781250000e+02,-5.064276855468750000e+03,-1.339019287109375000e+03,-6.554404296875000000e+03,-8.433190307617187500e+02,-8.433190307617187500e+02,-0.000000000000000000e+00,-0.000000000000000000e+00,0.000000000000000000e+00,3.120694274902343750e+02,5.681187011718750000e+03,1.378642822265625000e+03,6.747760742187500000e+03,3.969176483154296875e+01,7.171746826171875000e+02,1.770821228027343750e+02,8.668043823242187500e+02,1.538118362426757812e+01,1.538118362426757812e+01,-0.000000000000000000e+00,-0.000000000000000000e+00,-1.579410058593750000e+04
-9.513283729553222656e+00,-2.211584472656250000e+02,-5.501205062866210938e+01,-2.666572875976562500e+02,8.390803527832031250e+01,1.940892944335937500e+03,2.198910064697265625e+02,1.066040283203125000e+03,-2.295366699218750000e+03,-2.295366699218750000e+03,-0.000000000000000000e+00,-0.000000000000000000e+00,0.000000000000000000e+00,3.063393592834472656e+01,7.121571655273437500e+02,1.771455078125000000e+02,8.586689453125000000e+02,-2.220880432128906250e+02,-5.137161621093750000e+03,-1.364655761718750000e+03,-6.615904296875000000e+03,-8.645009155273437500e+02,-8.645009155273437500e+02,-0.000000000000000000e+00,-0.000000000000000000e+00,0.000000000000000000e+00,2.417498626708984375e+02,5.620038574218750000e+03,1.397956176757812500e+03,6.776246582031250000e+03,3.144437599182128906e+01,7.273459472656250000e+02,1.815788879394531250e+02,8.803015747070312500e+02,1.922065162658691406e+01,1.922065162658691406e+01,-0.000000000000000000e+00,-0.000000000000000000e+00,-1.579410058593750000e+04
-6.202083587646484375e+00,-1.911031188964843750e+02,-4.937471771240234375e+01,-2.342757568359375000e+02,5.722196197509765625e+01,1.757870239257812500e+03,1.717514953613281250e+02,8.151424560546875000e+02,-2.523057861328125000e+03,-2.523057861328125000e+03,-0.000000000000000000e+00,-0.000000000000000000e+00,0.000000000000000000e+00,2.320063209533691406e+01,7.148747558593750000e+02,1.846999664306640625e+02,8.763741455078125000e+02,-1.681197814941406250e+02,-5.164673828125000000e+03,-1.401826782226562500e+03,-6.653150390625000000e+03,-8.554700317382812500e+02,-8.554700317382812500e+02,-0.000000000000000000e+00,-0.000000000000000000e+00,0.000000000000000000e+00,1.797790527343750000e+02,5.539482910156250000e+03,1.431218994140625000e+03,6.790923339843750000e+03,2.367005348205566406e+01,7.271488647460937500e+02,1.868319854736328125e+02,8.867153320312500000e+02,2.335771179199218750e+01,2.335771179199218750e+01,-0.000000000000000000e+00,-0.000000000000000000e+00,-1.579410058593750000e+04
-3.813660383224487305e+00,-1.586813964843750000e+02,-4.302915954589843750e+01,-1.978968811035156250e+02,3.757585525512695312e+01,1.561293945312500000e+03,1.214785537719726562e+02,5.589016113281250000e+02,-2.711240722656250000e+03,-2.711240722656250000e+03,-0.000000000000000000e+00,-0.000000000000000000e+00,0.000000000000000000e+00,1.710022926330566406e+01,7.115180664062500000e+02,1.929402313232421875e+02,8.873580322265625000e+02,-1.241929779052734375e+02,-5.160274902343750000e+03,-1.450022216796875000e+03,-6.671298828125000000e+03,-8.164596557617187500e+02,-8.164596557617187500e+02,-0.000000000000000000e+00,-0.000000000000000000e+00,0.000000000000000000e+00,1.309776763916015625e+02,5.449809082031250000e+03,1.477808471679687500e+03,6.796639648437500000e+03,1.730852127075195312e+01,7.191769409179687500e+02,1.928495788574218750e+02,8.872672119140625000e+02,2.765277671813964844e+01,2.765277671813964844e+01,-0.000000000000000000e+00,-0.000000000000000000e+00,-1.579410058593750000e+04
-2.306755781173706055e+00,-1.252929992675781250e+02,-3.581797409057617188e+01,-1.588042144775390625e+02,2.501714515686035156e+01,1.358689208984375000e+03,6.681302642822265625e+01,2.963761291503906250e+02,-2.852773437500000000e+03,-2.852773437500000000e+03,-0.000000000000000000e+00,-0.000000000000000000e+00,0.000000000000000000e+00,1.297134017944335938e+01,7.045471191406250000e+02,2.014114837646484375e+02,8.929872436523437500e+02,-9.466092681884765625e+01,-5.141065429687500000e+03,-1.505171264648437500e+03,-6.676794433593750000e+03,-7.495619506835937500e+02,-7.495619506835937500e+02,-0.000000000000000000e+00,-0.000000000000000000e+00,0.000000000000000000e+00,9.877734375000000000e+01,5.365158203125000000e+03,1.533757690429687500e+03,6.800138671875000000e+03,1.301500415802001953e+01,7.068490600585937500e+02,1.992178649902343750e+02,8.837111816406250000e+02,3.181065940856933594e+01,3.181065940856933594e+01,-0.000000000000000000e+00,-0.000000000000000000e+00,-1.579410058593750000e+04
-1.440356969833374023e+00,-9.216477203369140625e+01,-2.767400360107421875e+01,-1.183984375000000000e+02,1.803342819213867188e+01,1.155038085937500000e+03,6.014747142791748047e+00,2.575064849853515625e+01,-2.944004638671875000e+03,-2.944004638671875000e+03,-0.000000000000000000e+00,-0.000000000000000000e+00,0.000000000000000000e+00,1.089231109619140625e+01,6.969711914062500000e+02,2.092771759033203125e+02,8.953562011718750000e+02,-8.000799560546875000e+01,-5.124498535156250000e+03,-1.559378540039062500e+03,-6.676092773437500000e+03,-6.587664184570312500e+02,-6.587664184570312500e+02,-0.000000000000000000e+00,-0.000000000000000000e+00,0.000000000000000000e+00,8.283064270019531250e+01,5.300121582031250000e+03,1.591449462890625000e+03,6.808741210937500000e+03,1.083471679687500000e+01,6.939618530273437500e+02,2.051644287109375000e+02,8.783606567382812500e+02,3.543460083007812500e+01,3.543460083007812500e+01,-0.000000000000000000e+00,-0.000000000000000000e+00,-1.579410058593750000e+04
-8.962801098823547363e-01,-6.006542587280273438e+01,-1.871782112121582031e+01,-7.788697052001953125e+01,1.417746734619140625e+01,9.519094848632812500e+02,-6.126067733764648438e+01,-2.551402435302734375e+02,-2.984914062500000000e+03,-2.984914062500000000e+03,-0.000000000000000000e+00,-0.000000000000000000e+00,0.000000000000000000e+00,1.032170295715332031e+01,6.917229614257812500e+02,2.155573883056640625e+02,8.969586181640625000e+02,-7.631784820556640625e+01,-5.124165039062500000e+03,-1.602351684570312500e+03,-6.673520507812500000e+03,-5.494147949218750000e+02,-5.494147949218750000e+02,0.000000000000000000e+00,0.000000000000000000e+00,0.000000000000000000e+00,7.857428741455078125e+01,5.265762207031250000e+03,1.640937255859375000e+03,6.828125488281250000e+03,1.018700885772705078e+01,6.839804687500000000e+02,2.097898712158203125e+02,8.737388916015625000e+02,3.812413787841796875e+01,3.812413787841796875e+01,-0.000000000000000000e+00,-0.000000000000000000e+00,-1.579410058593750000e+04
-4.383823275566101074e-01,-2.919362831115722656e+01,-9.271780967712402344e+00,-3.802701568603515625e+01,1.119736194610595703e+01,7.476633300781250000e+02,-1.334552459716796875e+02,-5.479707641601562500e+02,-2.978016845703125000e+03,-2.978016845703125000e+03,-0.000000000000000000e+00,-0.000000000000000000e+00,0.000000000000000000e+00,1.037598514556884766e+01,6.909782714843750000e+02,2.194519653320312500e+02,9.000539550781250000e+02,-7.707550048828125000e+01,-5.146437500000000000e+03,-1.624265747070312500e+03,-6.669278320312500000e+03,-4.274163818359375000e+02,-4.274163818359375000e+02,0.000000000000000000e+00,0.000000000000000000e+00,0.000000000000000000e+00,7.908470916748046875e+01,5.266566406250000000e+03,1.672640625000000000e+03,6.860120117187500000e+03,1.017444515228271484e+01,6.793617553710937500e+02,2.123653564453125000e+02,8.719777832031250000e+02,3.956967544555664062e+01,3.956967544555664062e+01,-0.000000000000000000e+00,-0.000000000000000000e+00,-1.579410058593750000e+04
1.085091009736061096e-02,7.350760698318481445e-01,2.330601513385772705e-01,9.572854042053222656e-01,7.925519466400146484e+00,5.386991577148437500e+02,-2.073722686767578125e+02,-8.529697875976562500e+02,-2.926976318359375000e+03,-2.926976318359375000e+03,-0.000000000000000000e+00,-0.000000000000000000e+00,0.000000000000000000e+00,1.026898002624511719e+01,6.956542358398437500e+02,2.205612182617187500e+02,9.059465332031250000e+02,-7.634664916992187500e+01,-5.189297363281250000e+03,-1.618795043945312500e+03,-6.658476074218750000e+03,-2.986494445800781250e+02,-2.986494445800781250e+02,0.000000000000000000e+00,0.000000000000000000e+00,0.000000000000000000e+00,7.822829437255859375e+01,5.299439941406250000e+03,1.680218139648437500e+03,6.901430175781250000e+03,1.002087974548339844e+01,6.811212158203125000e+02,2.125269927978515625e+02,8.741723632812500000e+02,3.960952758789062500e+01,3.960952758789062500e+01,-0.000000000000000000e+00,-0.000000000000000000e+00,-1.579410058593750000e+04
4.166459739208221436e-01,3.026624298095703125e+01,9.396338462829589844e+00,3.924592590332031250e+01,4.404756546020507812e+00,3.212387084960937500e+02,-2.791810607910156250e+02,-1.168038940429687500e+03,-2.835637451171875000e+03,-2.835637451171875000e+03,-0.000000000000000000e+00,-0.000000000000000000e+00,0.000000000000000000e+00,9.708276748657226562e+00,7.052343750000000000e+02,2.189442749023437500e+02,9.144701538085937500e+02,-7.190392303466796875e+01,-5.243949707031250000e+03,-1.585169067382812500e+03,-6.632037109375000000e+03,-1.686854705810546875e+02,-1.686854705810546875e+02,0.000000000000000000e+00,0.000000000000000000e+00,0.000000000000000000e+00,7.372074127197265625e+01,5.355266113281250000e+03,1.662574707031250000e+03,6.944118164062500000e+03,9.444125175476074219e+00,6.887596435546875000e+02,2.103285980224609375e+02,8.799736938476562500e+02,3.824028778076171875e+01,3.824028778076171875e+01,-0.000000000000000000e+00,-0.000000000000000000e+00,-1.579410058593750000e+04
7.574896216392517090e-01,5.994349288940429688e+01,1.795421791076660156e+01,7.714022827148437500e+01,1.167966127395629883e+00,9.284141540527343750e+01,-3.457550964355468750e+02,-1.488505981445312500e+03,-2.707788085937500000e+03,-2.707788085937500000e+03,-0.000000000000000000e+00,-0.000000000000000000e+00,0.000000000000000000e+00,9.072384834289550781e+00,7.179377441406250000e+02,2.150360412597656250e+02,9.239014892578125000e+02,-6.665513610839843750e+01,-5.298404785156250000e+03,-1.528258544921875000e+03,-6.579287597656250000e+03,-4.274130630493164062e+01,-4.274130630493164062e+01,0.000000000000000000e+00,0.000000000000000000e+00,0.000000000000000000e+00,6.851942443847656250e+01,5.422244628906250000e+03,1.624065429687500000e+03,6.977791015625000000e+03,8.812627792358398438e+00,7.005142211914062500e+02,2.061729736328125000e+02,8.875927734375000000e+02,3.559409713745117188e+01,3.559409713745117188e+01,-0.000000000000000000e+00,-0.000000000000000000e+00,-1.579410058593750000e+04
1.146278262138366699e+00,9.008731079101562500e+01,2.581089401245117188e+01,1.147519378662109375e+02,-1.860295176506042480e+00,-1.469285125732421875e+02,-4.056776733398437500e+02,-1.807767822265625000e+03,-2.547364013671875000e+03,-2.547364013671875000e+03,-0.000000000000000000e+00,-0.000000000000000000e+00,0.000000000000000000e+00,9.304092407226562500e+00,7.312192382812500000e+02,2.095014495849609375e+02,9.314166870117187500e+02,-6.763169097900390625e+01,-5.341638671875000000e+03,-1.456707397460937500e+03,-6.491332519531250000e+03,7.433207702636718750e+01,7.433207702636718750e+01,0.000000000000000000e+00,0.000000000000000000e+00,0.000000000000000000e+00,6.985203552246093750e+01,5.489751464843750000e+03,1.572867309570312500e+03,6.992767089843750000e+03,9.038876533508300781e+00,7.139020996093750000e+02,2.006864929199218750e+02,8.942926635742187500e+02,3.190164947509765625e+01,3.190164947509765625e+01,-0.000000000000000000e+00,-0.000000000000000000e+00,-1.579410058593750000e+04
1.874145269393920898e+00,1.206852188110351562e+02,3.300535964965820312e+01,1.518164672851562500e+02,-6.129225254058837891e+00,-3.968156433105468750e+02,-4.593989562988281250e+02,-2.118705566406250000e+03,-2.358700439453125000e+03,-2.358700439453125000e+03,-0.000000000000000000e+00,-0.000000000000000000e+00,0.000000000000000000e+00,1.152995109558105469e+01,7.424689331054687500e+02,2.030526733398437500e+02,9.339918823242187500e+02,-8.289198303222656250e+01,-5.366556640625000000e+03,-1.379879028320312500e+03,-6.363874511718750000e+03,1.781241607666015625e+02,1.781241607666015625e+02,0.000000000000000000e+00,0.000000000000000000e+00,0.000000000000000000e+00,8.620385742187500000e+01,5.551080566406250000e+03,1.518126342773437500e+03,6.983004394531250000e+03,1.122023582458496094e+01,7.264156494140625000e+02,1.945495300292968750e+02,8.972444458007812500e+02,2.745566177368164062e+01,2.745566177368164062e+01,-0.000000000000000000e+00,-0.000000000000000000e+00,-1.579410058593750000e+04
3.339383602142333984e+00,1.514327850341796875e+02,3.964006042480468750e+01,1.877334594726562500e+02,-1.435614490509033203e+01,-6.547692260742187500e+02,-5.084864196777343750e+02,-2.415351806640625000e+03,-2.146502197265625000e+03,-2.146502197265625000e+03,-0.000000000000000000e+00,-0.000000000000000000e+00,0.000000000000000000e+00,1.653232383728027344e+01,7.496999511718750000e+02,1.962464752197265625e+02,9.294141845703125000e+02,-1.177580642700195312e+02,-5.370826171875000000e+03,-1.304879638671875000e+03,-6.198284667968750000e+03,2.647798461914062500e+02,2.647798461914062500e+02,0.000000000000000000e+00,0.000000000000000000e+00,0.000000000000000000e+00,1.235839080810546875e+02,5.604224609375000000e+03,1.466999267578125000e+03,6.947640136718750000e+03,1.614089775085449219e+01,7.361700439453125000e+02,1.882990112304687500e+02,8.944355468750000000e+02,2.258035278320312500e+01,2.258035278320312500e+01,-0.000000000000000000e+00,-0.000000000000000000e+00,-1.579410058593750000e+04
5.883032798767089844e+00,1.819005126953125000e+02,4.579902267456054688e+01,2.218165130615234375e+02,-2.953501129150390625e+01,-9.187964477539062500e+02,-5.544009399414062500e+02,-2.694078125000000000e+03,-1.915568481445312500e+03,-1.915568481445312500e+03,-0.000000000000000000e+00,-0.000000000000000000e+00,0.000000000000000000e+00,2.431984519958496094e+01,7.519578247070312500e+02,1.893283843994140625e+02,9.169663696289062500e+02,-1.721579132080078125e+02,-5.355612792968750000e+03,-1.234846069335937500e+03,-6.000660644531250000e+03,3.310707092285156250e+02,3.310707092285156250e+02,0.000000000000000000e+00,0.000000000000000000e+00,0.000000000000000000e+00,1.827545928955078125e+02,5.650683593750000000e+03,1.422732543945312500e+03,6.890661621093750000e+03,2.386046409606933594e+01,7.422685546875000000e+02,1.821723175048828125e+02,8.852554931640625000e+02,1.760701751708984375e+01,1.760701751708984375e+01,-0.000000000000000000e+00,-0.000000000000000000e+00,-1.579410058593750000e+04
9.622009277343750000e+00,2.117364196777343750e+02,5.148994445800781250e+01,2.536043548583984375e+02,-5.360924148559570312e+01,-1.187310668945312500e+03,-5.975043334960937500e+02,-2.953845947265625000e+03,-1.670445068359375000e+03,-1.670445068359375000e+03,-0.000000000000000000e+00,-0.000000000000000000e+00,0.000000000000000000e+00,3.405167770385742188e+01,7.493216552734375000e+02,1.822196350097656250e+02,8.974896240234375000e+02,-2.403562164306640625e+02,-5.323289550781250000e+03,-1.169069702148437500e+03,-5.779459472656250000e+03,3.743754882812500000e+02,3.743754882812500000e+02,0.000000000000000000e+00,0.000000000000000000e+00,0.000000000000000000e+00,2.587203674316406250e+02,5.693251953125000000e+03,1.384481811523437500e+03,6.819013183593750000e+03,3.362843322753906250e+01,7.447857666015625000e+02,1.760896453857421875e+02,8.705237426757812500e+02,1.285142612457275391e+01,1.285142612457275391e+01,-0.000000000000000000e+00,-0.000000000000000000e+00,-1.579410058593750000e+04
1.439035320281982422e+01,2.407982177734375000e+02,5.664167404174804688e+01,2.830494995117187500e+02,-8.659896087646484375e+01,-1.458917236328125000e+03,-6.368391113281250000e+02,-3.195522460937500000e+03,-1.415333984375000000e+03,-1.415333984375000000e+03,-0.000000000000000000e+00,-0.000000000000000000e+00,0.000000000000000000e+00,4.437604904174804688e+01,7.425581054687500000e+02,1.746679687500000000e+02,8.728499145507812500e+02,-3.131388549804687500e+02,-5.275394042968750000e+03,-1.104626831054687500e+03,-5.542780761718750000e+03,3.926249084472656250e+02,3.926249084472656250e+02,0.000000000000000000e+00,0.000000000000000000e+00,0.000000000000000000e+00,3.426661376953125000e+02,5.733938476562500000e+03,1.348763549804687500e+03,6.740034667968750000e+03,4.418894195556640625e+01,7.444431762695312500e+02,1.697959136962890625e+02,8.519995727539062500e+02,8.591490745544433594e+00,8.591490745544433594e+00,-0.000000000000000000e+00,-0.000000000000000000e+00,-1.579410058593750000e+04
1.983733177185058594e+01,2.691641845703125000e+02,6.116228866577148438e+01,3.104891662597656250e+02,-1.267472839355468750e+02,-1.731994628906250000e+03,-6.707942504882812500e+02,-3.420736328125000000e+03,-1.154358154296875000e+03,-1.154358154296875000e+03,-0.000000000000000000e+00,-0.000000000000000000e+00,0.000000000000000000e+00,5.399699783325195312e+01,7.326619262695312500e+02,1.664830780029296875e+02,8.451480712890625000e+02,-3.814057617187500000e+02,-5.211889160156250000e+03,-1.038632812500000000e+03,-5.296540527343750000e+03,3.843302612304687500e+02,3.843302612304687500e+02,0.000000000000000000e+00,0.000000000000000000e+00,0.000000000000000000e+00,4.254745483398437500e+02,5.773080078125000000e+03,1.311819335937500000e+03,6.659425292968750000e+03,5.431370544433593750e+01,7.421937866210937500e+02,1.630881042480468750e+02,8.316728515625000000e+02,5.045435428619384766e+00,5.045435428619384766e+00,-0.000000000000000000e+00,-0.000000000000000000e+00,-1.579410058593750000e+04
2.561502647399902344e+01,2.970373840332031250e+02,6.501331329345703125e+01,3.364356384277343750e+02,-1.715858612060546875e+02,-2.004498901367187500e+03,-6.981626586914062500e+02,-3.630876708984375000e+03,-8.921963500976562500e+02,-8.921963500976562500e+02,-0.000000000000000000e+00,-0.000000000000000000e+00,0.000000000000000000e+00,6.213137054443359375e+01,7.204888305664062500e+02,1.576951904296875000e+02,8.160525512695312500e+02,-4.392771911621093750e+02,-5.131720214843750000e+03,-9.698699340820312500e+02,-5.043922363281250000e+03,3.488395080566406250e+02,3.488395080566406250e+02,0.000000000000000000e+00,0.000000000000000000e+00,0.000000000000000000e+00,5.010044860839843750e+02,5.809756347656250000e+03,1.271595947265625000e+03,6.580347167968750000e+03,6.324907684326171875e+01,7.388877563476562500e+02,1.559722595214843750e+02,8.111520385742187500e+02,2.354782819747924805e+00,2.354782819747924805e+00,-0.000000000000000000e+00,-0.000000000000000000e+00,-1.579410058593750000e+04
3.154111671447753906e+01,3.246189270019531250e+02,6.825609588623046875e+01,3.613339538574218750e+02,-2.192823181152343750e+02,-2.274246582031250000e+03,-7.189809570312500000e+02,-3.826756835937500000e+03,-6.347242431640625000e+02,-6.347242431640625000e+02,-0.000000000000000000e+00,-0.000000000000000000e+00,0.000000000000000000e+00,6.865660858154296875e+01,7.066089477539062500e+02,1.485753479003906250e+02,7.865277709960937500e+02,-4.853896789550781250e+02,-5.034130859375000000e+03,-8.992354125976562500e+02,-4.786156738281250000e+03,2.868306274414062500e+02,2.868306274414062500e+02,0.000000000000000000e+00,0.000000000000000000e+00,0.000000000000000000e+00,5.677342529296875000e+02,5.843080566406250000e+03,1.228597167968750000e+03,6.503944335937500000e+03,7.088108062744140625e+01,7.351301879882812500e+02,1.486891174316406250e+02,7.913938598632812500e+02,5.761321783065795898e-01,5.761321783065795898e-01,-0.000000000000000000e+00,-0.000000000000000000e+00,-1.579410058593750000e+04
3.763820648193359375e+01,3.520267028808593750e+02,7.103722381591796875e+01,3.854256591796875000e+02,-2.693637695312500000e+02,-2.539489013671875000e+03,-7.345688476562500000e+02,-4.008899658203125000e+03,-3.892940979003906250e+02,-3.892940979003906250e+02,-0.000000000000000000e+00,-0.000000000000000000e+00,0.000000000000000000e+00,7.391912078857421875e+01,6.913587646484375000e+02,1.395127410888671875e+02,7.569522705078125000e+02,-5.218325195312500000e+02,-4.919695800781250000e+03,-8.289151000976562500e+02,-4.523792968750000000e+03,2.009021301269531250e+02,2.009021301269531250e+02,0.000000000000000000e+00,0.000000000000000000e+00,0.000000000000000000e+00,6.279714965820312500e+02,5.873359375000000000e+03,1.185214599609375000e+03,6.430601562500000000e+03,7.757003784179687500e+01,7.313093872070312500e+02,1.415996398925781250e+02,7.727781372070312500e+02,-3.155812323093414307e-01,-3.155812323093414307e-01,-0.000000000000000000e+00,-0.000000000000000000e+00,-1.579410058593750000e+04
4.404363632202148438e+01,3.792963256835937500e+02,7.352944183349609375e+01,4.087821960449218750e+02,-3.223869628906250000e+02,-2.799305664062500000e+03,-7.468270874023437500e+02,-4.178105957031250000e+03,-1.643262634277343750e+02,-1.643262634277343750e+02,-0.000000000000000000e+00,-0.000000000000000000e+00,0.000000000000000000e+00,7.837742614746093750e+01,6.749730834960937500e+02,1.308486022949218750e+02,7.274443969726562500e+02,-5.516878662109375000e+02,-4.790339355468750000e+03,-7.610527343750000000e+02,-4.257690917968750000e+03,9.596356964111328125e+01,9.596356964111328125e+01,0.000000000000000000e+00,0.000000000000000000e+00,0.000000000000000000e+00,6.853717041015625000e+02,5.902304687500000000e+03,1.144206054687500000e+03,6.361139648437500000e+03,8.380704498291015625e+01,7.277016601562500000e+02,1.350250549316406250e+02,7.553943481445312500e+02,-4.141572713851928711e-01,-4.141572713851928711e-01,-0.000000000000000000e+00,-0.000000000000000000e+00,-1.579410058593750000e+04
5.085320663452148438e+01,4.064464111328125000e+02,7.586856842041015625e+01,4.314617309570312500e+02,-3.788116455078125000e+02,-3.053487060546875000e+03,-7.573137207031250000e+02,-4.335835449218750000e+03,3.191937446594238281e+01,3.191937446594238281e+01,0.000000000000000000e+00,0.000000000000000000e+00,0.000000000000000000e+00,8.228667449951171875e+01,6.576797485351562500e+02,1.227645721435546875e+02,6.981575927734375000e+02,-5.766835327148437500e+02,-4.648473144531250000e+03,-6.967882080078125000e+02,-3.989310058593750000e+03,-2.094610404968261719e+01,-2.094610404968261719e+01,-0.000000000000000000e+00,-0.000000000000000000e+00,0.000000000000000000e+00,7.422206420898437500e+02,5.932229980468750000e+03,1.107328735351562500e+03,6.297337402343750000e+03,8.988857269287109375e+01,7.245648193359375000e+02,1.291370849609375000e+02,7.393464355468750000e+02,1.352466642856597900e-01,1.352466642856597900e-01,0.000000000000000000e+00,0.000000000000000000e+00,-1.579410058593750000e+04
5.799572753906250000e+01,4.335362243652343750e+02,7.812579345703125000e+01,4.536664123535156250e+02,-4.378596801757812500e+02,-3.301841552734375000e+03,-7.667153320312500000e+02,-4.484120605468750000e+03,1.932385864257812500e+02,1.932385864257812500e+02,0.000000000000000000e+00,0.000000000000000000e+00,0.000000000000000000e+00,8.557160949707031250e+01,6.396746215820312500e+02,1.152731475830078125e+02,6.693762817382812500e+02,-5.961864013671875000e+02,-4.495762207031250000e+03,-6.361115722656250000e+02,-3.720286621093750000e+03,-1.417354888916015625e+02,-1.417354888916015625e+02,-0.000000000000000000e+00,-0.000000000000000000e+00,0.000000000000000000e+00,7.979126586914062500e+02,5.964647460937500000e+03,1.074864746093750000e+03,6.241600585937500000e+03,9.576313018798828125e+01,7.221370239257812500e+02,1.239475250244140625e+02,7.249047851562500000e+02,1.154917716979980469e+00,1.154917716979980469e+00,0.000000000000000000e+00,0.000000000000000000e+00,-1.579410058593750000e+04
6.521382141113281250e+01,4.606618652343750000e+02,8.033432769775390625e+01,4.757823791503906250e+02,-4.971437988281250000e+02,-3.543355712890625000e+03,-7.750393676757812500e+02,-4.625001953125000000e+03,3.176484375000000000e+02,3.176484375000000000e+02,0.000000000000000000e+00,0.000000000000000000e+00,0.000000000000000000e+00,8.791410064697265625e+01,6.210136718750000000e+02,1.082979049682617188e+02,6.413974609375000000e+02,-6.078483276367187500e+02,-4.332393554687500000e+03,-5.784280395507812500e+02,-3.451735351562500000e+03,-2.593876342773437500e+02,-2.593876342773437500e+02,-0.000000000000000000e+00,-0.000000000000000000e+00,0.000000000000000000e+00,8.492758789062500000e+02,5.999172851562500000e+03,1.046189331054687500e+03,6.196086425781250000e+03,1.010968246459960938e+02,7.205601196289062500e+02,1.193902587890625000e+02,7.124543457031250000e+02,2.459465265274047852e+00,2.459465265274047852e+00,0.000000000000000000e+00,0.000000000000000000e+00,-1.579410058593750000e+04
7.216294097900390625e+01,4.878851013183593750e+02,8.254600524902343750e+01,4.982681579589843750e+02,-5.533770751953125000e+02,-3.775786376953125000e+03,-7.822910766601562500e+02,-4.759831542968750000e+03,4.092948303222656250e+02,4.092948303222656250e+02,0.000000000000000000e+00,0.000000000000000000e+00,0.000000000000000000e+00,8.897103118896484375e+01,6.015226440429687500e+02,1.017725143432617188e+02,6.143240966796875000e+02,-6.092894287109375000e+02,-4.157286132812500000e+03,-5.232587280273437500e+02,-3.183755371093750000e+03,-3.710605468750000000e+02,-3.710605468750000000e+02,-0.000000000000000000e+00,-0.000000000000000000e+00,0.000000000000000000e+00,8.924043579101562500e+02,6.033440429687500000e+03,1.020806823730468750e+03,6.161842773437500000e+03,1.054930114746093750e+02,7.197968750000000000e+02,1.154266967773437500e+02,7.023110351562500000e+02,3.897022485733032227e+00,3.897022485733032227e+00,0.000000000000000000e+00,0.000000000000000000e+00,-1.579410058593750000e+04
7.857566833496093750e+01,5.151531982421875000e+02,8.486511230468750000e+01,5.214426269531250000e+02,-6.038422241210937500e+02,-3.996156738281250000e+03,-7.890300903320312500e+02,-4.888743652343750000e+03,4.797155761718750000e+02,4.797155761718750000e+02,0.000000000000000000e+00,0.000000000000000000e+00,0.000000000000000000e+00,8.859358978271484375e+01,5.808320922851562500e+02,9.568489837646484375e+01,5.879234008789062500e+02,-5.997732543945312500e+02,-3.969228515625000000e+03,-4.705394592285156250e+02,-2.915410888671875000e+03,-4.819886474609375000e+02,-4.819886474609375000e+02,-0.000000000000000000e+00,-0.000000000000000000e+00,0.000000000000000000e+00,9.249799804687500000e+02,6.064299804687500000e+03,9.990183105468750000e+02,6.138337890625000000e+03,1.087411270141601562e+02,7.196359252929687500e+02,1.120946807861328125e+02,6.945263671875000000e+02,5.413228034973144531e+00,5.413228034973144531e+00,0.000000000000000000e+00,0.000000000000000000e+00,-1.579410058593750000e+04
8.441190338134765625e+01,5.422864990234375000e+02,8.739227294921875000e+01,5.452668457031250000e+02,-6.478768920898437500e+02,-4.202152343750000000e+03,-7.960756835937500000e+02,-5.010506835937500000e+03,5.486727294921875000e+02,5.486727294921875000e+02,0.000000000000000000e+00,0.000000000000000000e+00,0.000000000000000000e+00,8.694834899902343750e+01,5.585814208984375000e+02,9.001828002929687500e+01,5.616513061523437500e+02,-5.809902343750000000e+02,-3.768322998046875000e+03,-4.201965332031250000e+02,-2.644720214843750000e+03,-6.104756469726562500e+02,-6.104756469726562500e+02,-0.000000000000000000e+00,-0.000000000000000000e+00,0.000000000000000000e+00,9.479450073242187500e+02,6.089873535156250000e+03,9.814145507812500000e+02,6.123342773437500000e+03,1.109818344116210938e+02,7.198320922851562500e+02,1.094300537109375000e+02,6.887536621093750000e+02,7.136848449707031250e+00,7.136848449707031250e+00,0.000000000000000000e+00,0.000000000000000000e+00,-1.579410058593750000e+04
8.996330261230468750e+01,5.691060791015625000e+02,9.005142211914062500e+01,5.691941528320312500e+02,-6.878729858398437500e+02,-4.394098144531250000e+03,-8.031563720703125000e+02,-5.122941406250000000e+03,6.474211425781250000e+02,6.474211425781250000e+02,0.000000000000000000e+00,0.000000000000000000e+00,0.000000000000000000e+00,8.453473663330078125e+01,5.347651367187500000e+02,8.461754608154296875e+01,5.348479003906250000e+02,-5.568515625000000000e+02,-3.557139648437500000e+03,-3.711036376953125000e+02,-2.367088378906250000e+03,-7.978244018554687500e+02,-7.978244018554687500e+02,-0.000000000000000000e+00,-0.000000000000000000e+00,0.000000000000000000e+00,9.661580200195312500e+02,6.111896972656250000e+03,9.671044311523437500e+02,6.112842773437500000e+03,1.127731018066406250e+02,7.203888549804687500e+02,1.072554931640625000e+02,6.841303100585937500e+02,9.521976470947265625e+00,9.521976470947265625e+00,0.000000000000000000e+00,0.000000000000000000e+00,-1.579410058593750000e+04
9.596212005615234375e+01,5.957321166992187500e+02,9.228617858886718750e+01,5.920562744140625000e+02,-7.300416259765625000e+02,-4.577276855468750000e+03,-8.065304565429687500e+02,-5.223260742187500000e+03,8.403947143554687500e+02,8.403947143554687500e+02,0.000000000000000000e+00,0.000000000000000000e+00,0.000000000000000000e+00,8.217835235595703125e+01,5.101626586914062500e+02,7.903041839599609375e+01,5.070147705078125000e+02,-5.329191894531250000e+02,-3.341341796875000000e+03,-3.195606079101562500e+02,-2.069541503906250000e+03,-1.148252563476562500e+03,-1.148252563476562500e+03,-0.000000000000000000e+00,-0.000000000000000000e+00,0.000000000000000000e+00,9.887361450195312500e+02,6.138066894531250000e+03,9.508614501953125000e+02,6.100192871093750000e+03,1.151477737426757812e+02,7.219632568359375000e+02,1.048382186889648438e+02,6.789543457031250000e+02,1.387170600891113281e+01,1.387170600891113281e+01,0.000000000000000000e+00,0.000000000000000000e+00,-1.579410058593750000e+04
1.040071411132812500e+02,6.232025146484375000e+02,9.243669128417968750e+01,6.116320190429687500e+02,-7.875070800781250000e+02,-4.766437500000000000e+03,-7.912988281250000000e+02,-5.287099609375000000e+03,1.281645385742187500e+03,1.281645385742187500e+03,0.000000000000000000e+00,0.000000000000000000e+00,0.000000000000000000e+00,8.128635406494140625e+01,4.870613708496093750e+02,7.224352264404296875e+01,4.780184936523437500e+02,-5.173131713867187500e+02,-3.131071533203125000e+03,-2.681024475097656250e+02,-1.791338867187500000e+03,-1.945468750000000000e+03,-1.945468750000000000e+03,-0.000000000000000000e+00,-0.000000000000000000e+00,0.000000000000000000e+00,1.032533203125000000e+03,6.186856933593750000e+03,9.176673583984375000e+02,6.071990234375000000e+03,1.200512161254882812e+02,7.266177368164062500e+02,1.008140029907226562e+02,6.735933837890625000e+02,2.405712699890136719e+01,2.405712699890136719e+01,0.000000000000000000e+00,0.000000000000000000e+00,-1.579410058593750000e+04
