-1.440000057220458984e+00,-8.100000023841857910e-01,5.500000119209289551e-01,-1.440000057220458984e+00,8.100000023841857910e-01,5.500000119209289551e-01,1.440000057220458984e+00,-8.100000023841857910e-01,5.500000119209289551e-01,1.440000057220458984e+00,8.100000023841857910e-01,5.500000119209289551e-01,-1.440000057220458984e+00,-8.100000023841857910e-01,0.000000000000000000e+00,-1.440000057220458984e+00,8.100000023841857910e-01,0.000000000000000000e+00,1.440000057220458984e+00,-8.100000023841857910e-01,0.000000000000000000e+00,1.440000057220458984e+00,8.100000023841857910e-01,0.000000000000000000e+00,-1.440000057220458984e+00,-8.100000023841857910e-01,0.000000000000000000e+00,-1.440000057220458984e+00,8.100000023841857910e-01,0.000000000000000000e+00,1.440000057220458984e+00,-8.100000023841857910e-01,0.000000000000000000e+00,1.440000057220458984e+00,8.100000023841857910e-01,0.000000000000000000e+00,0.000000000000000000e+00,0.000000000000000000e+00,5.500000119209289551e-01
-1.437501192092895508e+00,-8.100000023841857910e-01,5.490043759346008301e-01,-1.437501192092895508e+00,8.100000023841857910e-01,5.490043759346008301e-01,1.442498207092285156e+00,-8.100000023841857910e-01,5.509956479072570801e-01,1.442498207092285156e+00,8.100000023841857910e-01,5.509956479072570801e-01,-1.437120199203491211e+00,-8.100000023841857910e-01,-1.990914344787597656e-03,-1.437120199203491211e+00,8.100000023841857910e-01,-1.990914344787597656e-03,1.442877769470214844e+00,-8.100000023841857910e-01,1.991510391235351562e-03,1.442877769470214844e+00,8.100000023841857910e-01,1.991510391235351562e-03,-1.437120199203491211e+00,-8.100000023841857910e-01,-1.990914344787597656e-03,-1.437120199203491211e+00,8.100000023841857910e-01,-1.990914344787597656e-03,1.442877769470214844e+00,-8.100000023841857910e-01,1.991510391235351562e-03,1.442877769470214844e+00,8.100000023841857910e-01,1.991510391235351562e-03,2.498559420928359032e-03,0.000000000000000000e+00,5.500000119209289551e-01
-1.429962396621704102e+00,-8.077051639556884766e-01,5.398131012916564941e-01,-1.433736801147460938e+00,8.122249841690063477e-01,5.543647408485412598e-01,1.450024127960205078e+00,-8.010472059249877930e-01,5.456370711326599121e-01,1.446249723434448242e+00,8.188829421997070312e-01,5.601887106895446777e-01,-1.428841352462768555e+00,-8.026708960533142090e-01,-2.032721042633056641e-02,-1.432644844055175781e+00,8.171284794807434082e-01,8.776068687438964844e-03,1.451133608818054199e+00,-7.960652709007263184e-01,-8.679270744323730469e-03,1.447329998016357422e+00,8.237341046333312988e-01,2.042400836944580078e-02,-1.428841352462768555e+00,-8.026708960533142090e-01,-2.032721042633056641e-02,-1.432644844055175781e+00,8.171284794807434082e-01,8.776068687438964844e-03,1.451133608818054199e+00,-7.960652709007263184e-01,-8.679270744323730469e-03,1.447329998016357422e+00,8.237341046333312988e-01,2.042400836944580078e-02,8.143621496856212616e-03,5.588909611105918884e-03,5.500009059906005859e-01
-1.415393829345703125e+00,-8.146840333938598633e-01,5.409291982650756836e-01,-1.427209615707397461e+00,8.052617311477661133e-01,5.469850301742553711e-01,1.464505434036254883e+00,-7.937229871749877930e-01,5.528644323348999023e-01,1.452689647674560547e+00,8.262227773666381836e-01,5.589202642440795898e-01,-1.413092255592346191e+00,-8.125773072242736816e-01,-1.812463998794555664e-02,-1.424932956695556641e+00,8.073456287384033203e-01,-6.012916564941406250e-03,1.466757893562316895e+00,-7.916612625122070312e-01,5.745887756347656250e-03,1.454917192459106445e+00,8.282616734504699707e-01,1.785755157470703125e-02,-1.413092255592346191e+00,-8.125773072242736816e-01,-1.812463998794555664e-02,-1.424932956695556641e+00,8.073456287384033203e-01,-6.012916564941406250e-03,1.466757893562316895e+00,-7.916612625122070312e-01,5.745887756347656250e-03,1.454917192459106445e+00,8.282616734504699707e-01,1.785755157470703125e-02,1.864787377417087555e-02,5.769391078501939774e-03,5.499247312545776367e-01
-1.396220445632934570e+00,-8.218558430671691895e-01,5.413449406623840332e-01,-1.415911912918090820e+00,7.980234026908874512e-01,5.393231511116027832e-01,1.483504056930541992e+00,-7.868255972862243652e-01,5.603558421134948730e-01,1.463812589645385742e+00,8.330536484718322754e-01,5.583340525627136230e-01,-1.392524600028991699e+00,-8.225081562995910645e-01,-1.728540658950805664e-02,-1.412202715873718262e+00,7.973687052726745605e-01,-2.132904529571533203e-02,1.487074136734008789e+00,-7.874557375907897949e-01,2.073639631271362305e-02,1.467396020889282227e+00,8.324211835861206055e-01,1.669275760650634766e-02,-1.392524600028991699e+00,-8.225081562995910645e-01,-1.728540658950805664e-02,-1.412202715873718262e+00,7.973687052726745605e-01,-2.132904529571533203e-02,1.487074136734008789e+00,-7.874557375907897949e-01,2.073639631271362305e-02,1.467396020889282227e+00,8.324211835861206055e-01,1.669275760650634766e-02,3.379610180854797363e-02,5.598884541541337967e-03,5.498394966125488281e-01
-1.371997237205505371e+00,-8.297538161277770996e-01,5.411460995674133301e-01,-1.399834036827087402e+00,7.899861931800842285e-01,5.329050421714782715e-01,1.507460713386535645e+00,-7.801366448402404785e-01,5.668761134147644043e-01,1.479623913764953613e+00,8.396033644676208496e-01,5.586350560188293457e-01,-1.366956472396850586e+00,-8.325102925300598145e-01,-1.764988899230957031e-02,-1.394719004631042480e+00,7.871890664100646973e-01,-3.413188457489013672e-02,1.512269377708435059e+00,-7.827661633491516113e-01,3.381025791168212891e-02,1.484506845474243164e+00,8.369331955909729004e-01,1.732814311981201172e-02,-1.366956472396850586e+00,-8.325102925300598145e-01,-1.764988899230957031e-02,-1.394719004631042480e+00,7.871890664100646973e-01,-3.413188457489013672e-02,1.512269377708435059e+00,-7.827661633491516113e-01,3.381025791168212891e-02,1.484506845474243164e+00,8.369331955909729004e-01,1.732814311981201172e-02,5.381336435675621033e-02,4.924781154841184616e-03,5.498905777931213379e-01
-1.342940807342529297e+00,-8.378487229347229004e-01,5.396903157234191895e-01,-1.378975629806518555e+00,7.817155718803405762e-01,5.290247797966003418e-01,1.536172866821289062e+00,-7.735835909843444824e-01,5.709449648857116699e-01,1.500138044357299805e+00,8.459807038307189941e-01,5.602794289588928223e-01,-1.336779952049255371e+00,-8.414009213447570801e-01,-2.053093910217285156e-02,-1.372697472572326660e+00,7.780957221984863281e-01,-4.186201095581054688e-02,1.541990041732788086e+00,-7.769376635551452637e-01,4.197847843170166016e-02,1.506072521209716797e+00,8.425590395927429199e-01,2.064740657806396484e-02,-1.336779952049255371e+00,-8.414009213447570801e-01,-2.053093910217285156e-02,-1.372697472572326660e+00,7.780957221984863281e-01,-4.186201095581054688e-02,1.541990041732788086e+00,-7.769376635551452637e-01,4.197847843170166016e-02,1.506072521209716797e+00,8.425590395927429199e-01,2.064740657806396484e-02,7.859862595796585083e-02,4.066012334078550339e-03,5.499848723411560059e-01
-1.309577703475952148e+00,-8.464064598083496094e-01,5.383883714675903320e-01,-1.353920936584472656e+00,7.729513645172119141e-01,5.276970267295837402e-01,1.569133520126342773e+00,-7.673517465591430664e-01,5.726752877235412598e-01,1.524790287017822266e+00,8.520060777664184570e-01,5.619839429855346680e-01,-1.302793145179748535e+00,-8.499279022216796875e-01,-2.312135696411132812e-02,-1.347007155418395996e+00,7.693628668785095215e-01,-4.450416564941406250e-02,1.575503826141357422e+00,-7.706581354141235352e-01,4.545241594314575195e-02,1.531289696693420410e+00,8.486326336860656738e-01,2.406966686248779297e-02,-1.302793145179748535e+00,-8.499279022216796875e-01,-2.312135696411132812e-02,-1.347007155418395996e+00,7.693628668785095215e-01,-4.450416564941406250e-02,1.575503826141357422e+00,-7.706581354141235352e-01,4.545241594314575195e-02,1.531289696693420410e+00,8.486326336860656738e-01,2.406966686248779297e-02,1.076062917709350586e-01,2.799796406179666519e-03,5.501861572265625000e-01
-1.271924972534179688e+00,-8.552503585815429688e-01,5.372958183288574219e-01,-1.324684858322143555e+00,7.638671398162841797e-01,5.285927057266235352e-01,1.606328725814819336e+00,-7.612726688385009766e-01,5.723140239715576172e-01,1.553568840026855469e+00,8.578448295593261719e-01,5.636109113693237305e-01,-1.264988660812377930e+00,-8.580484986305236816e-01,-2.531129121780395508e-02,-1.317641258239746094e+00,7.610257267951965332e-01,-4.271757602691650391e-02,1.612833261489868164e+00,-7.638966441154479980e-01,4.472506046295166016e-02,1.560180664062500000e+00,8.551775813102722168e-01,2.731877565383911133e-02,-1.264988660812377930e+00,-8.580484986305236816e-01,-2.531129121780395508e-02,-1.317641258239746094e+00,7.610257267951965332e-01,-4.271757602691650391e-02,1.612833261489868164e+00,-7.638966441154479980e-01,4.472506046295166016e-02,1.560180664062500000e+00,8.551775813102722168e-01,2.731877565383911133e-02,1.408219039440155029e-01,1.297248178161680698e-03,5.504533648490905762e-01
-1.229917407035827637e+00,-8.643922805786132812e-01,5.370649099349975586e-01,-1.291093468666076660e+00,7.544403076171875000e-01,5.307897329330444336e-01,1.647827744483947754e+00,-7.555112838745117188e-01,5.706984996795654297e-01,1.586651682853698730e+00,8.633213043212890625e-01,5.644233226776123047e-01,-1.223266005516052246e+00,-8.663227558135986328e-01,-2.578705549240112305e-02,-1.284367918968200684e+00,7.524883151054382324e-01,-3.833740949630737305e-02,1.654081702232360840e+00,-7.573263645172119141e-01,4.148012399673461914e-02,1.592979788780212402e+00,8.614847064018249512e-01,2.892976999282836914e-02,-1.223266005516052246e+00,-8.663227558135986328e-01,-2.578705549240112305e-02,-1.284367918968200684e+00,7.524883151054382324e-01,-3.833740949630737305e-02,1.654081702232360840e+00,-7.573263645172119141e-01,4.148012399673461914e-02,1.592979788780212402e+00,8.614847064018249512e-01,2.892976999282836914e-02,1.783671528100967407e-01,-5.355128087103366852e-04,5.507441163063049316e-01
-1.183420300483703613e+00,-8.738943934440612793e-01,5.375953912734985352e-01,-1.253178954124450684e+00,7.445979714393615723e-01,5.335298180580139160e-01,1.693739056587219238e+00,-7.498082518577575684e-01,5.685680508613586426e-01,1.623980402946472168e+00,8.686841130256652832e-01,5.645024776458740234e-01,-1.177317142486572266e+00,-8.750439286231994629e-01,-2.474236488342285156e-02,-1.247031688690185547e+00,7.434401512145996094e-01,-3.287345170974731445e-02,1.699506044387817383e+00,-7.508944272994995117e-01,3.720295429229736328e-02,1.629791498184204102e+00,8.675895929336547852e-01,2.907192707061767578e-02,-1.177317142486572266e+00,-8.750439286231994629e-01,-2.474236488342285156e-02,-1.247031688690185547e+00,7.434401512145996094e-01,-3.287345170974731445e-02,1.699506044387817383e+00,-7.508944272994995117e-01,3.720295429229736328e-02,1.629791498184204102e+00,8.675895929336547852e-01,2.907192707061767578e-02,2.202800512313842773e-01,-2.605164190754294395e-03,5.510489344596862793e-01
-1.132644534111022949e+00,-8.837373256683349609e-01,5.391244292259216309e-01,-1.210922598838806152e+00,7.343673706054687500e-01,5.360605716705322266e-01,1.743858695030212402e+00,-7.445305585861206055e-01,5.665154457092285156e-01,1.665580630302429199e+00,8.735741376876831055e-01,5.634515881538391113e-01,-1.127265334129333496e+00,-8.845390081405639648e-01,-2.169936895370483398e-02,-1.205514073371887207e+00,7.335613369941711426e-01,-2.782702445983886719e-02,1.748975157737731934e+00,-7.452930808067321777e-01,3.308272361755371094e-02,1.670726418495178223e+00,8.728072047233581543e-01,2.695506811141967773e-02,-1.127265334129333496e+00,-8.845390081405639648e-01,-2.169936895370483398e-02,-1.205514073371887207e+00,7.335613369941711426e-01,-2.782702445983886719e-02,1.748975157737731934e+00,-7.452930808067321777e-01,3.308272361755371094e-02,1.670726418495178223e+00,8.728072047233581543e-01,2.695506811141967773e-02,2.664680182933807373e-01,-5.081615876406431198e-03,5.512880086898803711e-01
-1.077783823013305664e+00,-8.941360116004943848e-01,5.413470864295959473e-01,-1.164674520492553711e+00,7.235285639762878418e-01,5.379601120948791504e-01,1.797971725463867188e+00,-7.396191954612731934e-01,5.649417042732238770e-01,1.711081027984619141e+00,8.780453801155090332e-01,5.615547299385070801e-01,-1.073151111602783203e+00,-8.950567841529846191e-01,-1.726651191711425781e-02,-1.160013675689697266e+00,7.226021885871887207e-01,-2.404057979583740234e-02,1.802408814430236816e+00,-7.405010461807250977e-01,2.992272377014160156e-02,1.715546131134033203e+00,8.771579265594482422e-01,2.314865589141845703e-02,-1.073151111602783203e+00,-8.950567841529846191e-01,-1.726651191711425781e-02,-1.160013675689697266e+00,7.226021885871887207e-01,-2.404057979583740234e-02,1.802408814430236816e+00,-7.405010461807250977e-01,2.992272377014160156e-02,1.715546131134033203e+00,8.771579265594482422e-01,2.314865589141845703e-02,3.166486024856567383e-01,-8.045325055718421936e-03,5.514509081840515137e-01
-1.018944859504699707e+00,-9.050561189651489258e-01,5.439700484275817871e-01,-1.114338994026184082e+00,7.121255397796630859e-01,5.390634536743164062e-01,1.855985045433044434e+00,-7.354094982147216797e-01,5.639507770538330078e-01,1.760590910911560059e+00,8.817721605300903320e-01,5.590441823005676270e-01,-1.014994859695434570e+00,-9.065100550651550293e-01,-1.202845573425292969e-02,-1.110354185104370117e+00,7.106587886810302734e-01,-2.184164524078369141e-02,1.859793066978454590e+00,-7.368111610412597656e-01,2.793300151824951172e-02,1.764433741569519043e+00,8.803576231002807617e-01,1.811981201171875000e-02,-1.014994859695434570e+00,-9.065100550651550293e-01,-1.202845573425292969e-02,-1.110354185104370117e+00,7.106587886810302734e-01,-2.184164524078369141e-02,1.859793066978454590e+00,-7.368111610412597656e-01,2.793300151824951172e-02,1.764433741569519043e+00,8.803576231002807617e-01,1.811981201171875000e-02,3.708230257034301758e-01,-1.164200063794851303e-02,5.515071153640747070e-01
-9.564261436462402344e-01,-9.166501760482788086e-01,5.464399456977844238e-01,-1.060311555862426758e+00,7.000005245208740234e-01,5.394561290740966797e-01,1.917591571807861328e+00,-7.318933010101318359e-01,5.634341239929199219e-01,1.813706159591674805e+00,8.847573995590209961e-01,5.564503073692321777e-01,-9.530134201049804688e-01,-9.188221096992492676e-01,-7.090926170349121094e-03,-1.056855797767639160e+00,6.978012323379516602e-01,-2.105855941772460938e-02,1.920899510383605957e+00,-7.339985370635986328e-01,2.689743041992187500e-02,1.817057132720947266e+00,8.826247453689575195e-01,1.292991638183593750e-02,-9.530134201049804688e-01,-9.188221096992492676e-01,-7.090926170349121094e-03,-1.056855797767639160e+00,6.978012323379516602e-01,-2.105855941772460938e-02,1.920899510383605957e+00,-7.339985370635986328e-01,2.689743041992187500e-02,1.817057132720947266e+00,8.826247453689575195e-01,1.292991638183593750e-02,4.286400377750396729e-01,-1.594641432166099548e-02,5.514451265335083008e-01
-8.901786804199218750e-01,-9.288123846054077148e-01,5.483890175819396973e-01,-1.002391815185546875e+00,6.872714757919311523e-01,5.393698811531066895e-01,1.982860088348388672e+00,-7.292395830154418945e-01,5.632402300834655762e-01,1.870646953582763672e+00,8.868442773818969727e-01,5.542210936546325684e-01,-8.871283531188964844e-01,-9.316788911819458008e-01,-3.190279006958007812e-03,-9.992916584014892578e-01,6.843581199645996094e-01,-2.122855186462402344e-02,1.985828280448913574e+00,-7.320289015769958496e-01,2.651214599609375000e-02,1.873664975166320801e+00,8.840081095695495605e-01,8.473753929138183594e-03,-8.871283531188964844e-01,-9.316788911819458008e-01,-3.190279006958007812e-03,-9.992916584014892578e-01,6.843581199645996094e-01,-2.122855186462402344e-02,1.985828280448913574e+00,-7.320289015769958496e-01,2.651214599609375000e-02,1.873664975166320801e+00,8.840081095695495605e-01,8.473753929138183594e-03,4.902341663837432861e-01,-2.098403871059417725e-02,5.513050556182861328e-01
-8.205593824386596680e-01,-9.415522813796997070e-01,5.494778752326965332e-01,-9.409414529800415039e-01,6.739351749420166016e-01,5.390669703483581543e-01,2.051439285278320312e+00,-7.274502515792846680e-01,5.631162524223327637e-01,1.931057095527648926e+00,8.880372047424316406e-01,5.527053475379943848e-01,-8.176966905593872070e-01,-9.448865056037902832e-01,-1.009225845336914062e-03,-9.380246400833129883e-01,6.705378890037536621e-01,-2.183097600936889648e-02,2.054230928421020508e+00,-7.307019233703613281e-01,2.626752853393554688e-02,1.933902978897094727e+00,8.847225308418273926e-01,5.445778369903564453e-03,-8.176966905593872070e-01,-9.448865056037902832e-01,-1.009225845336914062e-03,-9.380246400833129883e-01,6.705378890037536621e-01,-2.183097600936889648e-02,2.054230928421020508e+00,-7.307019233703613281e-01,2.626752853393554688e-02,1.933902978897094727e+00,8.847225308418273926e-01,5.445778369903564453e-03,5.552488565444946289e-01,-2.675752900540828705e-02,5.510916113853454590e-01
-7.477189898490905762e-01,-9.545379877090454102e-01,5.495882630348205566e-01,-8.759605288505554199e-01,6.603437662124633789e-01,5.390344858169555664e-01,2.123206377029418945e+00,-7.264653444290161133e-01,5.626991987228393555e-01,1.994964838027954102e+00,8.884164094924926758e-01,5.521454215049743652e-01,-7.449373602867126465e-01,-9.579139947891235352e-01,-7.889270782470703125e-04,-8.731254935264587402e-01,6.569030284881591797e-01,-2.189648151397705078e-02,2.125921726226806641e+00,-7.297610044479370117e-01,2.543306350708007812e-02,1.997733592987060547e+00,8.850560188293457031e-01,4.325509071350097656e-03,-7.449373602867126465e-01,-9.579139947891235352e-01,-7.889270782470703125e-04,-8.731254935264587402e-01,6.569030284881591797e-01,-2.189648151397705078e-02,2.125921726226806641e+00,-7.297610044479370117e-01,2.543306350708007812e-02,1.997733592987060547e+00,8.850560188293457031e-01,4.325509071350097656e-03,6.236229538917541504e-01,-3.306081891059875488e-02,5.508668422698974609e-01
-6.711044311523437500e-01,-9.674168229103088379e-01,5.481061339378356934e-01,-8.070251941680908203e-01,6.468476653099060059e-01,5.393983125686645508e-01,2.198701143264770508e+00,-7.257049679756164551e-01,5.619218349456787109e-01,2.062780380249023438e+00,8.885595202445983887e-01,5.532140135765075684e-01,-6.682174205780029297e-01,-9.701506495475769043e-01,-3.759264945983886719e-03,-8.040926456451416016e-01,6.440706849098205566e-01,-2.117490768432617188e-02,2.201515913009643555e+00,-7.283703684806823730e-01,2.387213706970214844e-02,2.065640687942504883e+00,8.858509659767150879e-01,6.456494331359863281e-03,-6.682174205780029297e-01,-9.701506495475769043e-01,-3.759264945983886719e-03,-8.040926456451416016e-01,6.440706849098205566e-01,-2.117490768432617188e-02,2.201515913009643555e+00,-7.283703684806823730e-01,2.387213706970214844e-02,2.065640687942504883e+00,8.858509659767150879e-01,6.456494331359863281e-03,6.958379745483398438e-01,-3.942864015698432922e-02,5.506600737571716309e-01
-5.906748175621032715e-01,-9.801282286643981934e-01,5.457796454429626465e-01,-7.341904044151306152e-01,6.334919333457946777e-01,5.399926900863647461e-01,2.277956724166870117e+00,-7.249373793601989746e-01,5.609936714172363281e-01,2.134441137313842773e+00,8.886827826499938965e-01,5.552067160606384277e-01,-5.875832438468933105e-01,-9.818407893180847168e-01,-8.418381214141845703e-03,-7.310665249824523926e-01,6.317614912986755371e-01,-1.999223232269287109e-02,2.280963420867919922e+00,-7.266029119491577148e-01,2.200973033905029297e-02,2.137480258941650391e+00,8.869993686676025391e-01,1.043581962585449219e-02,-5.875832438468933105e-01,-9.818407893180847168e-01,-8.418381214141845703e-03,-7.310665249824523926e-01,6.317614912986755371e-01,-1.999223232269287109e-02,2.280963420867919922e+00,-7.266029119491577148e-01,2.200973033905029297e-02,2.137480258941650391e+00,8.869993686676025391e-01,1.043581962585449219e-02,7.718831896781921387e-01,-4.572271928191184998e-02,5.504931807518005371e-01
-5.070666074752807617e-01,-9.926670789718627930e-01,5.436738133430480957e-01,-6.578768491744995117e-01,6.202948093414306641e-01,5.404086112976074219e-01,2.360375404357910156e+00,-7.245304584503173828e-01,5.604344606399536133e-01,2.209565162658691406e+00,8.884314298629760742e-01,5.571692585945129395e-01,-5.037386417388916016e-01,-9.934820532798767090e-01,-1.263165473937988281e-02,-6.545294523239135742e-01,6.194750070571899414e-01,-1.916205883026123047e-02,2.363603115081787109e+00,-7.253208756446838379e-01,2.088963985443115234e-02,2.212812423706054688e+00,8.876361846923828125e-01,1.435935497283935547e-02,-5.037386417388916016e-01,-9.934820532798767090e-01,-1.263165473937988281e-02,-6.545294523239135742e-01,6.194750070571899414e-01,-1.916205883026123047e-02,2.363603115081787109e+00,-7.253208756446838379e-01,2.088963985443115234e-02,2.212812423706054688e+00,8.876361846923828125e-01,1.435935497283935547e-02,8.512493371963500977e-01,-5.211784690618515015e-02,5.504215359687805176e-01
-4.202375411987304688e-01,-1.004241943359375000e+00,5.410822629928588867e-01,-5.782122611999511719e-01,6.080372333526611328e-01,5.417104363441467285e-01,2.445981502532958984e+00,-7.234103679656982422e-01,5.591205954551696777e-01,2.288006782531738281e+00,8.888688087463378906e-01,5.597487688064575195e-01,-4.167747497558593750e-01,-1.003684878349304199e+00,-1.781404018402099609e-02,-5.747534036636352539e-01,6.085936427116394043e-01,-1.655757427215576172e-02,2.449332475662231445e+00,-7.228713035583496094e-01,1.826274394989013672e-02,2.291353940963745117e+00,8.894072771072387695e-01,1.951909065246582031e-02,-4.167747497558593750e-01,-1.003684878349304199e+00,-1.781404018402099609e-02,-5.747534036636352539e-01,6.085936427116394043e-01,-1.655757427215576172e-02,2.449332475662231445e+00,-7.228713035583496094e-01,1.826274394989013672e-02,2.291353940963745117e+00,8.894072771072387695e-01,1.951909065246582031e-02,9.338846206665039062e-01,-5.768657475709915161e-02,5.504155158996582031e-01
-3.296537399291992188e-01,-1.014592647552490234e+00,5.382587313652038574e-01,-4.947013854980468750e-01,5.969703793525695801e-01,5.432653427124023438e-01,2.535301208496093750e+00,-7.212399840354919434e-01,5.577679872512817383e-01,2.370253562927246094e+00,8.903229832649230957e-01,5.627745985984802246e-01,-3.260452747344970703e-01,-1.012477993965148926e+00,-2.345228195190429688e-02,-4.911249876022338867e-01,5.990661382675170898e-01,-1.343894004821777344e-02,2.538784503936767578e+00,-7.191988229751586914e-01,1.556628942489624023e-02,2.373704433441162109e+00,8.923453092575073242e-01,2.557957172393798828e-02,-3.260452747344970703e-01,-1.012477993965148926e+00,-2.345228195190429688e-02,-4.911249876022338867e-01,5.990661382675170898e-01,-1.343894004821777344e-02,2.538784503936767578e+00,-7.191988229751586914e-01,1.556628942489624023e-02,2.373704433441162109e+00,8.923453092575073242e-01,2.557957172393798828e-02,1.020299911499023438e+00,-6.213481351733207703e-02,5.505166649818420410e-01
-2.348951101303100586e-01,-1.024214982986450195e+00,5.366411805152893066e-01,-4.068459272384643555e-01,5.866187214851379395e-01,5.435800552368164062e-01,2.628768444061279297e+00,-7.186200022697448730e-01,5.577259063720703125e-01,2.456817626953125000e+00,8.922137618064880371e-01,5.646647810935974121e-01,-2.310502529144287109e-01,-1.021378040313720703e+00,-2.667820453643798828e-02,-4.030483961105346680e-01,5.894207954406738281e-01,-1.280045509338378906e-02,2.632469654083251953e+00,-7.158892154693603516e-01,1.549118757247924805e-02,2.460471391677856445e+00,8.949096202850341797e-01,2.936899662017822266e-02,-2.310502529144287109e-01,-1.021378040313720703e+00,-2.667820453643798828e-02,-4.030483961105346680e-01,5.894207954406738281e-01,-1.280045509338378906e-02,2.632469654083251953e+00,-7.158892154693603516e-01,1.549118757247924805e-02,2.460471391677856445e+00,8.949096202850341797e-01,2.936899662017822266e-02,1.110961318016052246e+00,-6.600061804056167603e-02,5.506529808044433594e-01
-1.355197429656982422e-01,-1.033007740974426270e+00,5.359418988227844238e-01,-3.141388893127441406e-01,5.771012902259826660e-01,5.426700115203857422e-01,2.726839303970336914e+00,-7.155653834342956543e-01,5.590378046035766602e-01,2.548220157623291016e+00,8.945435881614685059e-01,5.657659173011779785e-01,-1.312823295593261719e-01,-1.030180811882019043e+00,-2.807146310806274414e-02,-3.099520206451416016e-01,5.798944830894470215e-01,-1.461529731750488281e-02,2.730903148651123047e+00,-7.128542661666870117e-01,1.812034845352172852e-02,2.552233457565307617e+00,8.972209692001342773e-01,3.157651424407958984e-02,-1.312823295593261719e-01,-1.030180811882019043e+00,-2.807146310806274414e-02,-3.099520206451416016e-01,5.798944830894470215e-01,-1.461529731750488281e-02,2.730903148651123047e+00,-7.128542661666870117e-01,1.812034845352172852e-02,2.552233457565307617e+00,8.972209692001342773e-01,3.157651424407958984e-02,1.206350207328796387e+00,-6.923206895589828491e-02,5.508539080619812012e-01
-3.093755245208740234e-02,-1.035544395446777344e+00,5.233939886093139648e-01,-2.221502065658569336e-01,5.728143453598022461e-01,5.553419589996337891e-01,2.828882694244384766e+00,-6.960163116455078125e-01,5.468944311141967773e-01,2.637670040130615234e+00,9.123424291610717773e-01,5.788424015045166016e-01,-2.760756015777587891e-02,-1.023699998855590820e+00,-5.296176671981811523e-02,-2.190048694610595703e-01,5.840022563934326172e-01,1.093423366546630859e-02,2.832077026367187500e+00,-6.846548318862915039e-01,-5.960822105407714844e-03,2.640679836273193359e+00,9.230473041534423828e-01,5.793511867523193359e-02,-2.760756015777587891e-02,-1.023699998855590820e+00,-5.296176671981811523e-02,-2.190048694610595703e-01,5.840022563934326172e-01,1.093423366546630859e-02,2.832077026367187500e+00,-6.846548318862915039e-01,-5.960822105407714844e-03,2.640679836273193359e+00,9.230473041534423828e-01,5.793511867523193359e-02,1.303366303443908691e+00,-6.160101294517517090e-02,5.511181950569152832e-01
7.781076431274414062e-02,-1.031520485877990723e+00,5.072150230407714844e-01,-1.313304901123046875e-01,5.735322237014770508e-01,5.740383267402648926e-01,2.933702468872070312e+00,-6.603043079376220703e-01,5.291127562522888184e-01,2.724561214447021484e+00,9.447484016418457031e-01,5.959360599517822266e-01,7.912361621856689453e-02,-1.006710290908813477e+00,-8.460181951522827148e-02,-1.301658153533935547e-01,5.955410599708557129e-01,4.904484748840332031e-02,2.934966802597045898e+00,-6.364120841026306152e-01,-4.080629348754882812e-02,2.725677251815795898e+00,9.658392071723937988e-01,9.284034371376037598e-02,7.912361621856689453e-02,-1.006710290908813477e+00,-8.460181951522827148e-02,-1.301658153533935547e-01,5.955410599708557129e-01,4.904484748840332031e-02,2.934966802597045898e+00,-6.364120841026306152e-01,-4.080629348754882812e-02,2.725677251815795898e+00,9.658392071723937988e-01,9.284034371376037598e-02,1.401185989379882812e+00,-4.338606446981430054e-02,5.515755414962768555e-01
1.904517412185668945e-01,-1.028177261352539062e+00,5.073246359825134277e-01,-3.605902194976806641e-02,5.744456052780151367e-01,5.758292675018310547e-01,3.042159557342529297e+00,-6.259878873825073242e-01,5.275366306304931641e-01,2.815648555755615234e+00,9.766349792480468750e-01,5.960412621498107910e-01,1.910661458969116211e-01,-1.002799510955810547e+00,-8.433991670608520508e-02,-3.551578521728515625e-02,5.968850255012512207e-01,5.266952514648437500e-02,3.042752742767333984e+00,-6.014770865440368652e-01,-4.391586780548095703e-02,2.816170930862426758e+00,9.982074499130249023e-01,9.309351444244384766e-02,1.910661458969116211e-01,-1.002799510955810547e+00,-8.433991670608520508e-02,-3.551578521728515625e-02,5.968850255012512207e-01,5.266952514648437500e-02,3.042752742767333984e+00,-6.014770865440368652e-01,-4.391586780548095703e-02,2.816170930862426758e+00,9.982074499130249023e-01,9.309351444244384766e-02,1.503050208091735840e+00,-2.577112615108489990e-02,5.516829490661621094e-01
3.073580265045166016e-01,-1.025989055633544922e+00,5.181662440299987793e-01,6.333756446838378906e-02,5.748246908187866211e-01,5.655993223190307617e-01,3.154490709304809570e+00,-5.925654172897338867e-01,5.377417802810668945e-01,2.910470247268676758e+00,1.008248329162597656e+00,5.851748585700988770e-01,3.087016344070434570e-01,-1.008558869361877441e+00,-6.317067146301269531e-02,6.457149982452392578e-02,5.908327102661132812e-01,3.169554471969604492e-02,3.155788898468017578e+00,-5.757221579551696777e-01,-2.401959896087646484e-02,2.911659002304077148e+00,1.023669362068176270e+00,7.084670662879943848e-02,3.087016344070434570e-01,-1.008558869361877441e+00,-6.317067146301269531e-02,6.457149982452392578e-02,5.908327102661132812e-01,3.169554471969604492e-02,3.155788898468017578e+00,-5.757221579551696777e-01,-2.401959896087646484e-02,2.911659002304077148e+00,1.023669362068176270e+00,7.084670662879943848e-02,1.608914136886596680e+00,-8.870335295796394348e-03,5.516705513000488281e-01
4.255889654159545898e-01,-1.015899300575256348e+00,5.259570479393005371e-01,1.675258874893188477e-01,5.830875039100646973e-01,5.582858324050903320e-01,3.268795490264892578e+00,-5.574225783348083496e-01,5.453864336013793945e-01,3.010732650756835938e+00,1.041564345359802246e+00,5.777152180671691895e-01,4.275873899459838867e-01,-1.003975510597229004e+00,-4.784196615219116211e-02,1.694116592407226562e-01,5.943394303321838379e-01,1.681554317474365234e-02,3.270726203918457031e+00,-5.459025502204895020e-01,-8.983194828033447266e-03,3.012550592422485352e+00,1.052412509918212891e+00,5.567443370819091797e-02,4.275873899459838867e-01,-1.003975510597229004e+00,-4.784196615219116211e-02,1.694116592407226562e-01,5.943394303321838379e-01,1.681554317474365234e-02,3.270726203918457031e+00,-5.459025502204895020e-01,-8.983194828033447266e-03,3.012550592422485352e+00,1.052412509918212891e+00,5.567443370819091797e-02,1.718160748481750488e+00,1.283247955143451691e-02,5.518361330032348633e-01
5.445485115051269531e-01,-9.974841475486755371e-01,5.290019512176513672e-01,2.759988307952880859e-01,5.998846292495727539e-01,5.553539395332336426e-01,3.384678125381469727e+00,-5.203237533569335938e-01,5.485376715660095215e-01,3.116128444671630859e+00,1.077045083045959473e+00,5.748896598815917969e-01,5.468283891677856445e-01,-9.876838326454162598e-01,-4.182523488998413086e-02,2.781734466552734375e-01,6.092324852943420410e-01,1.087868213653564453e-02,3.386879920959472656e+00,-5.108588337898254395e-01,-2.753734588623046875e-03,3.118225097656250000e+00,1.086057543754577637e+00,4.995030164718627930e-02,5.468283891677856445e-01,-9.876838326454162598e-01,-4.182523488998413086e-02,2.781734466552734375e-01,6.092324852943420410e-01,1.087868213653564453e-02,3.386879920959472656e+00,-5.108588337898254395e-01,-2.753734588623046875e-03,3.118225097656250000e+00,1.086057543754577637e+00,4.995030164718627930e-02,1.830338478088378906e+00,3.978046029806137085e-02,5.519458055496215820e-01
6.672152280807495117e-01,-9.790378212928771973e-01,5.353356599807739258e-01,3.882242441177368164e-01,6.166984438896179199e-01,5.491240024566650391e-01,3.504146099090576172e+00,-4.832111001014709473e-01,5.548895597457885742e-01,3.225154876708984375e+00,1.112525224685668945e+00,5.686779022216796875e-01,6.701639890670776367e-01,-9.736437201499938965e-01,-2.926361560821533203e-02,3.911010026931762695e-01,6.219608187675476074e-01,-1.686930656433105469e-03,3.506992816925048828e+00,-4.780037999153137207e-01,9.844183921813964844e-03,3.227929592132568359e+00,1.117600798606872559e+00,3.742086887359619141e-02,6.701639890670776367e-01,-9.736437201499938965e-01,-2.926361560821533203e-02,3.911010026931762695e-01,6.219608187675476074e-01,-1.686930656433105469e-03,3.506992816925048828e+00,-4.780037999153137207e-01,9.844183921813964844e-03,3.227929592132568359e+00,1.117600798606872559e+00,3.742086887359619141e-02,1.946185111999511719e+00,6.674367934465408325e-02,5.520067811012268066e-01
7.934033870697021484e-01,-9.604558348655700684e-01,5.418765544891357422e-01,5.039603710174560547e-01,6.334773898124694824e-01,5.422940254211425781e-01,3.626997709274291992e+00,-4.459073841571807861e-01,5.614993572235107422e-01,3.337554693222045898e+00,1.148025870323181152e+00,5.619168281555175781e-01,7.971191406250000000e-01,-9.596349596977233887e-01,-1.622140407562255859e-02,5.076733827590942383e-01,6.342977285385131836e-01,-1.538646221160888672e-02,3.630582809448242188e+00,-4.451152980327606201e-01,2.302420139312744141e-02,3.341136932373046875e+00,1.148817300796508789e+00,2.385914325714111328e-02,7.971191406250000000e-01,-9.596349596977233887e-01,-1.622140407562255859e-02,5.076733827590942383e-01,6.342977285385131836e-01,-1.538646221160888672e-02,3.630582809448242188e+00,-4.451152980327606201e-01,2.302420139312744141e-02,3.341136932373046875e+00,1.148817300796508789e+00,2.385914325714111328e-02,2.065479040145874023e+00,9.378501027822494507e-02,5.518966913223266602e-01
9.231002330780029297e-01,-9.414761066436767578e-01,5.467857718467712402e-01,6.231920719146728516e-01,6.504939794540405273e-01,5.374808311462402344e-01,3.753231287002563477e+00,-4.081999361515045166e-01,5.661792755126953125e-01,3.453323125839233398e+00,1.183770179748535156e+00,5.568743348121643066e-01,9.273492097854614258e-01,-9.439089298248291016e-01,-6.385445594787597656e-03,6.275125741958618164e-01,6.480202674865722656e-01,-2.499532699584960938e-02,3.757331371307373047e+00,-4.105474054813385010e-01,3.240156173706054688e-02,3.457494735717773438e+00,1.181381821632385254e+00,1.379168033599853516e-02,9.273492097854614258e-01,-9.439089298248291016e-01,-6.385445594787597656e-03,6.275125741958618164e-01,6.480202674865722656e-01,-2.499532699584960938e-02,3.757331371307373047e+00,-4.105474054813385010e-01,3.240156173706054688e-02,3.457494735717773438e+00,1.181381821632385254e+00,1.379168033599853516e-02,2.188211679458618164e+00,1.211470142006874084e-01,5.518300533294677734e-01
1.056128263473510742e+00,-9.219286441802978516e-01,5.487802028656005859e-01,7.456843852996826172e-01,6.679922342300415039e-01,5.354906916618347168e-01,3.882657766342163086e+00,-3.698686361312866211e-01,5.678221583366394043e-01,3.572213888168334961e+00,1.220052242279052734e+00,5.545326471328735352e-01,1.060571670532226562e+00,-9.256680011749267578e-01,-2.378582954406738281e-03,7.502349615097045898e-01,6.641627550125122070e-01,-2.895766496658325195e-02,3.886947631835937500e+00,-3.734787702560424805e-01,3.570532798767089844e-02,3.576611042022705078e+00,1.216351985931396484e+00,9.126305580139160156e-03,1.060571670532226562e+00,-9.256680011749267578e-01,-2.378582954406738281e-03,7.502349615097045898e-01,6.641627550125122070e-01,-2.895766496658325195e-02,3.886947631835937500e+00,-3.734787702560424805e-01,3.570532798767089844e-02,3.576611042022705078e+00,1.216351985931396484e+00,9.126305580139160156e-03,2.314171075820922852e+00,1.490617841482162476e-01,5.516564249992370605e-01
1.192463517189025879e+00,-9.017305374145507812e-01,5.485216379165649414e-01,8.714357614517211914e-01,6.860947608947753906e-01,5.361962914466857910e-01,4.015261650085449219e+00,-3.308730125427246094e-01,5.668181777000427246e-01,3.694233894348144531e+00,1.256952285766601562e+00,5.544928312301635742e-01,1.196728944778442383e+00,-9.051485061645507812e-01,-2.902746200561523438e-03,8.757964372634887695e-01,6.826003789901733398e-01,-2.755349874496459961e-02,4.019385337829589844e+00,-3.341776132583618164e-01,3.369021415710449219e-02,3.698452949523925781e+00,1.253571271896362305e+00,9.039580821990966797e-03,1.196728944778442383e+00,-9.051485061645507812e-01,-2.902746200561523438e-03,8.757964372634887695e-01,6.826003789901733398e-01,-2.755349874496459961e-02,4.019385337829589844e+00,-3.341776132583618164e-01,3.369021415710449219e-02,3.698452949523925781e+00,1.253571271896362305e+00,9.039580821990966797e-03,2.443348646163940430e+00,1.776108741760253906e-01,5.515072345733642578e-01
1.331875324249267578e+00,-8.808625936508178711e-01,5.467657446861267090e-01,1.000211238861083984e+00,7.048020362854003906e-01,5.385740995407104492e-01,4.150801181793212891e+00,-2.911543846130371094e-01,5.641856193542480469e-01,3.819137096405029297e+00,1.294510245323181152e+00,5.559939742088317871e-01,1.335723400115966797e+00,-8.829156160354614258e-01,-6.434440612792968750e-03,1.004116296768188477e+00,7.027186751365661621e-01,-2.281773090362548828e-02,4.154528141021728516e+00,-2.931427359580993652e-01,2.840536832809448242e-02,3.822920799255371094e+00,1.292491436004638672e+00,1.202201843261718750e-02,1.335723400115966797e+00,-8.829156160354614258e-01,-6.434440612792968750e-03,1.004116296768188477e+00,7.027186751365661621e-01,-2.281773090362548828e-02,4.154528141021728516e+00,-2.931427359580993652e-01,2.840536832809448242e-02,3.822920799255371094e+00,1.292491436004638672e+00,1.202201843261718750e-02,2.575506210327148438e+00,2.068238407373428345e-01,5.513798594474792480e-01
1.474550366401672363e+00,-8.592443466186523438e-01,5.446320772171020508e-01,1.132267594337463379e+00,7.241799831390380859e-01,5.414189100265502930e-01,4.289479732513427734e+00,-2.507185339927673340e-01,5.610911846160888672e-01,3.947196960449218750e+00,1.332705736160278320e+00,5.578780174255371094e-01,1.477885365486145020e+00,-8.596503734588623047e-01,-1.071584224700927734e-02,1.135621786117553711e+00,7.237715721130371094e-01,-1.714217662811279297e-02,4.292715549468994141e+00,-2.511125504970550537e-01,2.220255136489868164e-02,3.950452327728271484e+00,1.332309365272521973e+00,1.577621698379516602e-02,1.477885365486145020e+00,-8.596503734588623047e-01,-1.071584224700927734e-02,1.135621786117553711e+00,7.237715721130371094e-01,-1.714217662811279297e-02,4.292715549468994141e+00,-2.511125504970550537e-01,2.220255136489868164e-02,3.950452327728271484e+00,1.332309365272521973e+00,1.577621698379516602e-02,2.710873603820800781e+00,2.367307245731353760e-01,5.512550473213195801e-01
1.620632648468017578e+00,-8.368881344795227051e-01,5.427491068840026855e-01,1.267710924148559570e+00,7.442018985748291016e-01,5.436959862709045410e-01,4.431418418884277344e+00,-2.094901502132415771e-01,5.587236285209655762e-01,4.078496932983398438e+00,1.371599912643432617e+00,5.596705079078674316e-01,1.623578310012817383e+00,-8.358969092369079590e-01,-1.448464393615722656e-02,1.270651578903198242e+00,7.451913952827453613e-01,-1.259094476699829102e-02,4.434279918670654297e+00,-2.085273563861846924e-01,1.746445894241333008e-02,4.081353187561035156e+00,1.372560977935791016e+00,1.935821771621704102e-02,1.623578310012817383e+00,-8.358969092369079590e-01,-1.448464393615722656e-02,1.270651578903198242e+00,7.451913952827453613e-01,-1.259094476699829102e-02,4.434279918670654297e+00,-2.085273563861846924e-01,1.746445894241333008e-02,4.081353187561035156e+00,1.372560977935791016e+00,1.935821771621704102e-02,2.849564790725708008e+00,2.673558592796325684e-01,5.512098073959350586e-01
1.770457744598388672e+00,-8.136178851127624512e-01,5.414057374000549316e-01,1.406907081604003906e+00,7.650582790374755859e-01,5.449544191360473633e-01,4.576964855194091797e+00,-1.673482954502105713e-01,5.573962926864624023e-01,4.213414192199707031e+00,1.411327838897705078e+00,5.609449744224548340e-01,1.773205518722534180e+00,-8.117294907569885254e-01,-1.716899871826171875e-02,1.409637331962585449e+00,7.669346928596496582e-01,-1.007163524627685547e-02,4.579633712768554688e+00,-1.655139625072479248e-01,1.481205224990844727e-02,4.216065883636474609e+00,1.413150310516357422e+00,2.190941572189331055e-02,1.773205518722534180e+00,-8.117294907569885254e-01,-1.716899871826171875e-02,1.409637331962585449e+00,7.669346928596496582e-01,-1.007163524627685547e-02,4.579633712768554688e+00,-1.655139625072479248e-01,1.481205224990844727e-02,4.216065883636474609e+00,1.413150310516357422e+00,2.190941572189331055e-02,2.991935968399047852e+00,2.988550066947937012e-01,5.511753559112548828e-01
1.924110174179077148e+00,-7.894420623779296875e-01,5.406724810600280762e-01,1.549980878829956055e+00,7.867591381072998047e-01,5.449184775352478027e-01,4.726217269897460938e+00,-1.243753731250762939e-01,5.574871897697448730e-01,4.352087974548339844e+00,1.451825857162475586e+00,5.617331862449645996e-01,1.926948904991149902e+00,-7.872616052627563477e-01,-1.863265037536621094e-02,1.552798032760620117e+00,7.889230847358703613e-01,-1.014065742492675781e-02,4.728971004486083984e+00,-1.222604513168334961e-01,1.499682664871215820e-02,4.354820251464843750e+00,1.453924179077148438e+00,2.348875999450683594e-02,1.926948904991149902e+00,-7.872616052627563477e-01,-1.863265037536621094e-02,1.552798032760620117e+00,7.889230847358703613e-01,-1.014065742492675781e-02,4.728971004486083984e+00,-1.222604513168334961e-01,1.499682664871215820e-02,4.354820251464843750e+00,1.453924179077148438e+00,2.348875999450683594e-02,3.138099193572998047e+00,3.311918973922729492e-01,5.512028336524963379e-01
2.081983566284179688e+00,-7.638955712318420410e-01,5.399715900421142578e-01,1.697342991828918457e+00,8.097733855247497559e-01,5.442696809768676758e-01,4.879582405090332031e+00,-8.014851808547973633e-02,5.582692623138427734e-01,4.494941711425781250e+00,1.493520498275756836e+00,5.625673532485961914e-01,2.085087299346923828e+00,-7.616074681282043457e-01,-2.003085613250732422e-02,1.700422644615173340e+00,8.120439052581787109e-01,-1.143473386764526367e-02,4.882584571838378906e+00,-7.793521881103515625e-02,1.656448841094970703e-02,4.497920036315917969e+00,1.495716094970703125e+00,2.516055107116699219e-02,2.085087299346923828e+00,-7.616074681282043457e-01,-2.003085613250732422e-02,1.700422644615173340e+00,8.120439052581787109e-01,-1.143473386764526367e-02,4.882584571838378906e+00,-7.793521881103515625e-02,1.656448841094970703e-02,4.497920036315917969e+00,1.495716094970703125e+00,2.516055107116699219e-02,3.288462638854980469e+00,3.648124337196350098e-01,5.512694716453552246e-01
2.244258880615234375e+00,-7.367976903915405273e-01,5.390926599502563477e-01,1.849277138710021973e+00,8.343083858489990234e-01,5.430726408958435059e-01,5.037285804748535156e+00,-3.467270731925964355e-02,5.597028136253356934e-01,4.642303943634033203e+00,1.536433339118957520e+00,5.636827945709228516e-01,2.247815847396850586e+00,-7.344826459884643555e-01,-2.178323268890380859e-02,1.852808713912963867e+00,8.366069793701171875e-01,-1.382333040237426758e-02,5.040711879730224609e+00,-3.244274854660034180e-02,1.943701505661010742e-02,4.645704746246337891e+00,1.538646817207336426e+00,2.739691734313964844e-02,2.247815847396850586e+00,-7.344826459884643555e-01,-2.178323268890380859e-02,1.852808713912963867e+00,8.366069793701171875e-01,-1.382333040237426758e-02,5.040711879730224609e+00,-3.244274854660034180e-02,1.943701505661010742e-02,4.645704746246337891e+00,1.538646817207336426e+00,2.739691734313964844e-02,3.443281412124633789e+00,3.998178541660308838e-01,5.513877272605895996e-01
2.411311149597167969e+00,-7.076988816261291504e-01,5.377106070518493652e-01,2.006113529205322266e+00,8.608022928237915039e-01,5.421026945114135742e-01,5.199692726135253906e+00,1.257017254829406738e-02,5.610402822494506836e-01,4.794495105743408203e+00,1.581071376800537109e+00,5.654323697090148926e-01,2.415339946746826172e+00,-7.050837874412536621e-01,-2.453887462615966797e-02,2.010110855102539062e+00,8.633970022201538086e-01,-1.575469970703125000e-02,5.203554153442382812e+00,1.507681608200073242e-02,2.212059497833251953e-02,4.798325061798095703e+00,1.583557605743408203e+00,3.090476989746093750e-02,2.415339946746826172e+00,-7.050837874412536621e-01,-2.453887462615966797e-02,2.010110855102539062e+00,8.633970022201538086e-01,-1.575469970703125000e-02,5.203554153442382812e+00,1.507681608200073242e-02,2.212059497833251953e-02,4.798325061798095703e+00,1.583557605743408203e+00,3.090476989746093750e-02,3.602903127670288086e+00,4.366862177848815918e-01,5.515714883804321289e-01
2.583173513412475586e+00,-6.763895750045776367e-01,5.360066890716552734e-01,2.168043375015258789e+00,8.895093798637390137e-01,5.412667393684387207e-01,5.366913795471191406e+00,6.150960922241210938e-02,5.623950362205505371e-01,4.951783180236816406e+00,1.627408623695373535e+00,5.676550865173339844e-01,2.587699174880981445e+00,-6.732953786849975586e-01,-2.793478965759277344e-02,2.172526836395263672e+00,8.925746679306030273e-01,-1.741468906402587891e-02,5.371227264404296875e+00,6.445896625518798828e-02,2.484190464019775391e-02,4.956055164337158203e+00,1.630329132080078125e+00,3.536200523376464844e-02,2.587699174880981445e+00,-6.732953786849975586e-01,-2.793478965759277344e-02,2.172526836395263672e+00,8.925746679306030273e-01,-1.741468906402587891e-02,5.371227264404296875e+00,6.445896625518798828e-02,2.484190464019775391e-02,4.956055164337158203e+00,1.630329132080078125e+00,3.536200523376464844e-02,3.767478466033935547e+00,4.755094945430755615e-01,5.518308877944946289e-01
2.760193824768066406e+00,-6.426270008087158203e-01,5.341124534606933594e-01,2.335241794586181641e+00,9.206287860870361328e-01,5.409701466560363770e-01,5.539229869842529297e+00,1.126916706562042236e-01,5.633593201637268066e-01,5.114277839660644531e+00,1.675947427749633789e+00,5.702170133590698242e-01,2.765110969543457031e+00,-6.388082504272460938e-01,-3.170847892761230469e-02,2.340099334716796875e+00,9.244011640548706055e-01,-1.799309253692626953e-02,5.543892383575439453e+00,1.163130104541778564e-01,2.678525447845458984e-02,5.118880748748779297e+00,1.679522514343261719e+00,4.050064086914062500e-02,2.765110969543457031e+00,-6.388082504272460938e-01,-3.170847892761230469e-02,2.340099334716796875e+00,9.244011640548706055e-01,-1.799309253692626953e-02,5.543892383575439453e+00,1.163130104541778564e-01,2.678525447845458984e-02,5.118880748748779297e+00,1.679522514343261719e+00,4.050064086914062500e-02,3.937235832214355469e+00,5.166602134704589844e-01,5.521647334098815918e-01
2.942270040512084961e+00,-6.062966585159301758e-01,5.324513912200927734e-01,2.507743835449218750e+00,9.543170928955078125e-01,5.409307479858398438e-01,5.716608047485351562e+00,1.659977138042449951e-01,5.642399787902832031e-01,5.282081604003906250e+00,1.726611495018005371e+00,5.727193355560302734e-01,2.947507858276367188e+00,-6.017550230026245117e-01,-3.501510620117187500e-02,2.512903451919555664e+00,9.587908983230590820e-01,-1.805645227432250977e-02,5.721552371978759766e+00,1.702849268913269043e-01,2.856206893920898438e-02,5.286948204040527344e+00,1.730830788612365723e+00,4.552072286605834961e-02,2.947507858276367188e+00,-6.017550230026245117e-01,-3.501510620117187500e-02,2.512903451919555664e+00,9.587908983230590820e-01,-1.805645227432250977e-02,5.721552371978759766e+00,1.702849268913269043e-01,2.856206893920898438e-02,5.286948204040527344e+00,1.730830788612365723e+00,4.552072286605834961e-02,4.112175941467285156e+00,5.601574182510375977e-01,5.525853633880615234e-01
3.129628181457519531e+00,-5.669412612915039062e-01,5.305519700050354004e-01,2.685364723205566406e+00,9.909092783927917480e-01,5.420181155204772949e-01,5.899086952209472656e+00,2.225988507270812988e-01,5.640951991081237793e-01,5.454823493957519531e+00,1.780449390411376953e+00,5.755613446235656738e-01,3.134900808334350586e+00,-5.612471103668212891e-01,-3.879398107528686523e-02,2.690530776977539062e+00,9.964886903762817383e-01,-1.586163043975830078e-02,5.904048919677734375e+00,2.279574871063232422e-01,2.829253673553466797e-02,5.459679126739501953e+00,1.785693407058715820e+00,5.122482776641845703e-02,3.134900808334350586e+00,-5.612471103668212891e-01,-3.879398107528686523e-02,2.690530776977539062e+00,9.964886903762817383e-01,-1.586163043975830078e-02,5.904048919677734375e+00,2.279574871063232422e-01,2.829253673553466797e-02,5.459679126739501953e+00,1.785693407058715820e+00,5.122482776641845703e-02,4.292225837707519531e+00,6.067540645599365234e-01,5.530566573143005371e-01
3.322148799896240234e+00,-5.245651602745056152e-01,5.290813446044921875e-01,2.868043422698974609e+00,1.030420660972595215e+00,5.434957146644592285e-01,6.086564540863037109e+00,2.824118137359619141e-01,5.636613965034484863e-01,5.632459163665771484e+00,1.837397575378417969e+00,5.780757665634155273e-01,3.327304840087890625e+00,-5.177683234214782715e-01,-4.171454906463623047e-02,2.873069286346435547e+00,1.037045836448669434e+00,-1.288580894470214844e-02,6.091407775878906250e+00,2.887969017028808594e-01,2.744561433792114258e-02,5.637172698974609375e+00,1.843611001968383789e+00,5.627432465553283691e-02,3.327304840087890625e+00,-5.177683234214782715e-01,-4.171454906463623047e-02,2.873069286346435547e+00,1.037045836448669434e+00,-1.288580894470214844e-02,6.091407775878906250e+00,2.887969017028808594e-01,2.744561433792114258e-02,5.637172698974609375e+00,1.843611001968383789e+00,5.627432465553283691e-02,4.477303981781005859e+00,6.564162373542785645e-01,5.535785555839538574e-01
3.520049810409545898e+00,-4.784966111183166504e-01,5.269902944564819336e-01,3.055283069610595703e+00,1.073280334472656250e+00,5.465059280395507812e-01,6.278884410858154297e+00,3.473557531833648682e-01,5.616487264633178711e-01,5.814117431640625000e+00,1.899132728576660156e+00,5.811643600463867188e-01,3.524675130844116211e+00,-4.699069857597351074e-01,-4.586017131805419922e-02,3.059750795364379883e+00,1.081577301025390625e+00,-6.828904151916503906e-03,6.283229827880859375e+00,3.554257154464721680e-01,2.345681190490722656e-02,5.818305492401123047e+00,1.906909942626953125e+00,6.248807907104492188e-02,3.524675130844116211e+00,-4.699069857597351074e-01,-4.586017131805419922e-02,3.059750795364379883e+00,1.081577301025390625e+00,-6.828904151916503906e-03,6.283229827880859375e+00,3.554257154464721680e-01,2.345681190490722656e-02,5.818305492401123047e+00,1.906909942626953125e+00,6.248807907104492188e-02,4.667083740234375000e+00,7.103180289268493652e-01,5.540773272514343262e-01
3.723226070404052734e+00,-4.288838505744934082e-01,5.253463387489318848e-01,3.246967792510986328e+00,1.119336366653442383e+00,5.496876239776611328e-01,6.475885868072509766e+00,4.173443913459777832e-01,5.594292879104614258e-01,5.999627590179443359e+00,1.965564727783203125e+00,5.837705731391906738e-01,3.727187633514404297e+00,-4.186336398124694824e-01,-4.910629987716674805e-02,3.250761508941650391e+00,1.129152297973632812e+00,-4.237890243530273438e-04,6.479612350463867188e+00,4.269864857196807861e-01,1.905965805053710938e-02,6.003186225891113281e+00,1.974772453308105469e+00,6.774219870567321777e-02,3.727187633514404297e+00,-4.186336398124694824e-01,-4.910629987716674805e-02,3.250761508941650391e+00,1.129152297973632812e+00,-4.237890243530273438e-04,6.479612350463867188e+00,4.269864857196807861e-01,1.905965805053710938e-02,6.003186225891113281e+00,1.974772453308105469e+00,6.774219870567321777e-02,4.861426830291748047e+00,7.683404088020324707e-01,5.545584559440612793e-01
3.931757926940917969e+00,-3.757508397102355957e-01,5.250133275985717773e-01,3.443498373031616211e+00,1.168685913085937500e+00,5.518065094947814941e-01,6.677783012390136719e+00,4.918075501918792725e-01,5.580111145973205566e-01,6.189523696899414062e+00,2.036244392395019531e+00,5.848042964935302734e-01,3.935173273086547852e+00,-3.647000193595886230e-01,-4.975080490112304688e-02,3.446754455566406250e+00,1.179221630096435547e+00,3.835618495941162109e-03,6.681002616882324219e+00,5.022239685058593750e-01,1.624482870101928711e-02,6.192584037780761719e+00,2.046145677566528320e+00,6.983119249343872070e-02,3.935173273086547852e+00,-3.647000193595886230e-01,-4.975080490112304688e-02,3.446754455566406250e+00,1.179221630096435547e+00,3.835618495941162109e-03,6.681002616882324219e+00,5.022239685058593750e-01,1.624482870101928711e-02,6.192584037780761719e+00,2.046145677566528320e+00,6.983119249343872070e-02,5.060640811920166016e+00,8.302467465400695801e-01,5.549088120460510254e-01
4.145691394805908203e+00,-3.192123770713806152e-01,5.257976055145263672e-01,3.644846677780151367e+00,1.221190214157104492e+00,5.525208711624145508e-01,6.884552001953125000e+00,5.707431435585021973e-01,5.577692985534667969e-01,6.383707523345947266e+00,2.111145734786987305e+00,5.844925642013549805e-01,4.148825168609619141e+00,-3.082358241081237793e-01,-4.818749427795410156e-02,3.647834300994873047e+00,1.231655716896057129e+00,5.259156227111816406e-03,6.887511253356933594e+00,5.811082124710083008e-01,1.575601100921630859e-02,6.386520862579345703e+00,2.120999813079833984e+00,6.920257210731506348e-02,4.148825168609619141e+00,-3.082358241081237793e-01,-4.818749427795410156e-02,3.647834300994873047e+00,1.231655716896057129e+00,5.259156227111816406e-03,6.887511253356933594e+00,5.811082124710083008e-01,1.575601100921630859e-02,6.386520862579345703e+00,2.120999813079833984e+00,6.920257210731506348e-02,5.264699459075927734e+00,8.959667086601257324e-01,5.551450848579406738e-01
4.364709377288818359e+00,-2.590332031250000000e-01,5.281516909599304199e-01,3.851905345916748047e+00,1.277490377426147461e+00,5.511366128921508789e-01,7.096561908721923828e+00,6.522371768951416016e-01,5.593091249465942383e-01,6.583757877349853516e+00,2.188760757446289062e+00,5.822940468788146973e-01,4.368009567260742188e+00,-2.493801116943359375e-01,-4.352176189422607422e-02,3.855072736740112305e+00,1.286755323410034180e+00,2.448201179504394531e-03,7.099681854248046875e+00,6.613641977310180664e-01,1.879310607910156250e-02,6.586745262145996094e+00,2.197499752044677734e+00,6.476309895515441895e-02,4.368009567260742188e+00,-2.493801116943359375e-01,-4.352176189422607422e-02,3.855072736740112305e+00,1.286755323410034180e+00,2.448201179504394531e-03,7.099681854248046875e+00,6.613641977310180664e-01,1.879310607910156250e-02,6.586745262145996094e+00,2.197499752044677734e+00,6.476309895515441895e-02,5.474233627319335938e+00,9.648637771606445312e-01,5.552228689193725586e-01
4.589014053344726562e+00,-1.950478553771972656e-01,5.305860042572021484e-01,4.064836025238037109e+00,1.337700366973876953e+00,5.485221147537231445e-01,7.314018726348876953e+00,7.365003228187561035e-01,5.617491006851196289e-01,6.789840698242187500e+00,2.269248485565185547e+00,5.796852111816406250e-01,4.592803955078125000e+00,-1.870900392532348633e-01,-3.869628906250000000e-02,4.068506240844726562e+00,1.345407366752624512e+00,-2.824068069458007812e-03,7.317601203918457031e+00,7.440224885940551758e-01,2.362978458404541016e-02,6.793303489685058594e+00,2.276519775390625000e+00,5.950203537940979004e-02,4.592803955078125000e+00,-1.870900392532348633e-01,-3.869628906250000000e-02,4.068506240844726562e+00,1.345407366752624512e+00,-2.824068069458007812e-03,7.317601203918457031e+00,7.440224885940551758e-01,2.362978458404541016e-02,6.793303489685058594e+00,2.276519775390625000e+00,5.950203537940979004e-02,5.689427375793457031e+00,1.037100315093994141e+00,5.551356077194213867e-01
4.819206714630126953e+00,-1.219213008880615234e-01,5.201245546340942383e-01,4.278120517730712891e+00,1.404544353485107422e+00,5.592251420021057129e-01,7.533807277679443359e+00,8.395337462425231934e-01,5.509443879127502441e-01,6.992721080780029297e+00,2.365999460220336914e+00,5.900449752807617188e-01,4.820381164550781250e+00,-1.066613197326660156e-01,-5.936759710311889648e-02,4.279215812683105469e+00,1.418774843215942383e+00,1.883351802825927734e-02,7.534919261932373047e+00,8.539822101593017578e-01,2.272129058837890625e-03,6.993753910064697266e+00,2.379418373107910156e+00,8.047321438789367676e-02,4.820381164550781250e+00,-1.066613197326660156e-01,-5.936759710311889648e-02,4.279215812683105469e+00,1.418774843215942383e+00,1.883351802825927734e-02,7.534919261932373047e+00,8.539822101593017578e-01,2.272129058837890625e-03,6.993753910064697266e+00,2.379418373107910156e+00,8.047321438789367676e-02,5.905963897705078125e+00,1.122039079666137695e+00,5.550847649574279785e-01
5.054544925689697266e+00,-4.341554641723632812e-02,5.086551904678344727e-01,4.490843296051025391e+00,1.473985433578491211e+00,5.729524493217468262e-01,7.754537105560302734e+00,9.583932757377624512e-01,5.373376011848449707e-01,7.190835475921630859e+00,2.475794315338134766e+00,6.016348600387573242e-01,5.051898956298828125e+00,-1.938033103942871094e-02,-8.176821470260620117e-02,4.488485813140869141e+00,1.495403289794921875e+00,4.682630300521850586e-02,7.752019882202148438e+00,9.812608957290649414e-01,-2.440333366394042969e-02,7.188606262207031250e+00,2.496044635772705078e+00,1.041912138462066650e-01,5.051898956298828125e+00,-1.938033103942871094e-02,-8.176821470260620117e-02,4.488485813140869141e+00,1.495403289794921875e+00,4.682630300521850586e-02,7.752019882202148438e+00,9.812608957290649414e-01,-2.440333366394042969e-02,7.188606262207031250e+00,2.496044635772705078e+00,1.041912138462066650e-01,6.122690200805664062e+00,1.216189384460449219e+00,5.551450252532958984e-01
5.293670654296875000e+00,3.939235210418701172e-02,5.013372302055358887e-01,4.701960563659667969e+00,1.545144557952880859e+00,5.849363207817077637e-01,7.974498748779296875e+00,1.091519594192504883e+00,5.256335139274597168e-01,7.382788658142089844e+00,2.597271919250488281e+00,6.092326045036315918e-01,5.287086486816406250e+00,6.995904445648193359e-02,-9.582084417343139648e-02,4.696297645568847656e+00,1.571432113647460938e+00,7.137745618820190430e-02,7.968182563781738281e+00,1.120842695236206055e+00,-4.722821712493896484e-02,7.377393722534179688e+00,2.622315645217895508e+00,1.199700832366943359e-01,5.287086486816406250e+00,6.995904445648193359e-02,-9.582084417343139648e-02,4.696297645568847656e+00,1.571432113647460938e+00,7.137745618820190430e-02,7.968182563781738281e+00,1.120842695236206055e+00,-4.722821712493896484e-02,7.377393722534179688e+00,2.622315645217895508e+00,1.199700832366943359e-01,6.338229656219482422e+00,1.318332076072692871e+00,5.552849173545837402e-01
5.535737991333007812e+00,1.276247501373291016e-01,4.980273246765136719e-01,4.911147594451904297e+00,1.619271874427795410e+00,5.943368077278137207e-01,8.192634582519531250e+00,1.238901019096374512e+00,5.171357989311218262e-01,7.568044662475585938e+00,2.730548143386840820e+00,6.134452819824218750e-01,5.525621414184570312e+00,1.621284484863281250e-01,-1.019756197929382324e-01,4.902655124664306641e+00,1.648237228393554688e+00,9.064346551895141602e-02,8.182841300964355469e+00,1.272305965423583984e+00,-6.375861167907714844e-02,7.559874534606933594e+00,2.758414745330810547e+00,1.288604736328125000e-01,5.525621414184570312e+00,1.621284484863281250e-01,-1.019756197929382324e-01,4.902655124664306641e+00,1.648237228393554688e+00,9.064346551895141602e-02,8.182841300964355469e+00,1.272305965423583984e+00,-6.375861167907714844e-02,7.559874534606933594e+00,2.758414745330810547e+00,1.288604736328125000e-01,6.551891326904296875e+00,1.429086446762084961e+00,5.557363033294677734e-01
5.779242038726806641e+00,2.241891622543334961e-01,4.959965944290161133e-01,5.118068695068359375e+00,1.699258208274841309e+00,6.028669476509094238e-01,8.407660484313964844e+00,1.401312708854675293e+00,5.100432038307189941e-01,7.746487140655517578e+00,2.876381874084472656e+00,6.169135570526123047e-01,5.765663146972656250e+00,2.616887092590332031e-01,-1.055975556373596191e-01,5.106902122497558594e+00,1.730096220970153809e+00,1.081432104110717773e-01,8.394398689270019531e+00,1.437936782836914062e+00,-7.750433683395385742e-02,7.735637664794921875e+00,2.906344175338745117e+00,1.362365186214447021e-01,5.765663146972656250e+00,2.616887092590332031e-01,-1.055975556373596191e-01,5.106902122497558594e+00,1.730096220970153809e+00,1.081432104110717773e-01,8.394398689270019531e+00,1.437936782836914062e+00,-7.750433683395385742e-02,7.735637664794921875e+00,2.906344175338745117e+00,1.362365186214447021e-01,6.762864589691162109e+00,1.550285458564758301e+00,5.564550757408142090e-01
6.024252891540527344e+00,3.285160064697265625e-01,4.960972666740417480e-01,5.322535514831542969e+00,1.784323692321777344e+00,6.084184646606445312e-01,8.618891716003417969e+00,1.578374385833740234e+00,5.063337087631225586e-01,7.917174339294433594e+00,3.034182071685791016e+00,6.186549067497253418e-01,6.008043289184570312e+00,3.670912981033325195e-01,-1.051512956619262695e-01,5.309353828430175781e+00,1.815692543983459473e+00,1.194912195205688477e-01,8.602957725524902344e+00,1.616292953491210938e+00,-8.467847108840942383e-02,7.904268264770507812e+00,3.064894199371337891e+00,1.399640440940856934e-01,6.008043289184570312e+00,3.670912981033325195e-01,-1.051512956619262695e-01,5.309353828430175781e+00,1.815692543983459473e+00,1.194912195205688477e-01,8.602957725524902344e+00,1.616292953491210938e+00,-8.467847108840942383e-02,7.904268264770507812e+00,3.064894199371337891e+00,1.399640440940856934e-01,6.970713615417480469e+00,1.681349039077758789e+00,5.573760867118835449e-01
6.269080638885498047e+00,4.432756900787353516e-01,4.955000877380371094e-01,5.524084091186523438e+00,1.876960754394531250e+00,6.135156750679016113e-01,8.824899673461914062e+00,1.770727157592773438e+00,5.033748745918273926e-01,8.079902648925781250e+00,3.204412221908569336e+00,6.213904619216918945e-01,6.250287055969238281e+00,4.830290079116821289e-01,-1.060732007026672363e-01,5.508976936340332031e+00,1.908915281295776367e+00,1.299582123756408691e-01,8.806351661682128906e+00,1.809960126876831055e+00,-9.032362699508666992e-02,8.065042495727539062e+00,3.235846519470214844e+00,1.457077264785766602e-01,6.250287055969238281e+00,4.830290079116821289e-01,-1.060732007026672363e-01,5.508976936340332031e+00,1.908915281295776367e+00,1.299582123756408691e-01,8.806351661682128906e+00,1.809960126876831055e+00,-9.032362699508666992e-02,8.065042495727539062e+00,3.235846519470214844e+00,1.457077264785766602e-01,7.174491882324218750e+00,1.823843955993652344e+00,5.584452748298645020e-01
6.513916969299316406e+00,5.675237178802490234e-01,4.955596625804901123e-01,5.722607612609863281e+00,1.975958347320556641e+00,6.161490082740783691e-01,9.025026321411132812e+00,1.977728843688964844e+00,5.028851628303527832e-01,8.233716964721679688e+00,3.386163473129272461e+00,6.234745383262634277e-01,6.493269920349121094e+00,6.074136495590209961e-01,-1.058254837989807129e-01,5.706100463867187500e+00,2.007849454879760742e+00,1.353533267974853516e-01,9.004631042480468750e+00,2.017132997512817383e+00,-9.117448329925537109e-02,8.217461585998535156e+00,3.417568683624267578e+00,1.500043570995330811e-01,6.493269920349121094e+00,6.074136495590209961e-01,-1.058254837989807129e-01,5.706100463867187500e+00,2.007849454879760742e+00,1.353533267974853516e-01,9.004631042480468750e+00,2.017132997512817383e+00,-9.117448329925537109e-02,8.217461585998535156e+00,3.417568683624267578e+00,1.500043570995330811e-01,7.373816967010498047e+00,1.976843595504760742e+00,5.595170855522155762e-01
6.757442474365234375e+00,7.026984691619873047e-01,4.950464069843292236e-01,5.917743206024169922e+00,2.082627058029174805e+00,6.179389953613281250e-01,9.218049049377441406e+00,2.199277639389038086e+00,5.031647682189941406e-01,8.378350257873535156e+00,3.579206228256225586e+00,6.260573863983154297e-01,6.735100746154785156e+00,7.426961660385131836e-01,-1.067333817481994629e-01,5.899964332580566406e+00,2.114456653594970703e+00,1.390519142150878906e-01,9.196008682250976562e+00,2.238735675811767578e+00,-9.049659967422485352e-02,8.360872268676757812e+00,3.610496044158935547e+00,1.552887260913848877e-01,6.735100746154785156e+00,7.426961660385131836e-01,-1.067333817481994629e-01,5.899964332580566406e+00,2.114456653594970703e+00,1.390519142150878906e-01,9.196008682250976562e+00,2.238735675811767578e+00,-9.049659967422485352e-02,8.360872268676757812e+00,3.610496044158935547e+00,1.552887260913848877e-01,7.567896366119384766e+00,2.140952348709106445e+00,5.605518817901611328e-01
6.999904632568359375e+00,8.484971523284912109e-01,4.947361946105957031e-01,6.109906196594238281e+00,2.196530342102050781e+00,6.176597476005554199e-01,9.403761863708496094e+00,2.434611797332763672e+00,5.052579045295715332e-01,8.513763427734375000e+00,3.782644987106323242e+00,6.281814575195312500e-01,6.976506710052490234e+00,8.879519701004028320e-01,-1.073492169380187988e-01,6.091285705566406250e+00,2.227929830551147461e+00,1.384980380535125732e-01,9.380772590637207031e+00,2.473377227783203125e+00,-8.630567789077758789e-02,8.495552062988281250e+00,3.813354969024658203e+00,1.595414876937866211e-01,6.976506710052490234e+00,8.879519701004028320e-01,-1.073492169380187988e-01,6.091285705566406250e+00,2.227929830551147461e+00,1.384980380535125732e-01,9.380772590637207031e+00,2.473377227783203125e+00,-8.630567789077758789e-02,8.495552062988281250e+00,3.813354969024658203e+00,1.595414876937866211e-01,7.756834030151367188e+00,2.315571069717407227e+00,5.614588260650634766e-01
7.241454124450683594e+00,1.005312561988830566e+00,4.968088269233703613e-01,6.301854133605957031e+00,2.319939613342285156e+00,6.121743321418762207e-01,9.585110664367675781e+00,2.679065227508544922e+00,5.118735432624816895e-01,8.645510673522949219e+00,3.993692398071289062e+00,6.272390484809875488e-01,7.219097614288330078e+00,1.042020678520202637e+00,-1.035745739936828613e-01,6.283793926239013672e+00,2.349594116210937500e+00,1.271564960479736328e-01,9.563315391540527344e+00,2.714852333068847656e+00,-7.344514131546020508e-02,8.628011703491210938e+00,4.022425651550292969e+00,1.572859883308410645e-01,7.219097614288330078e+00,1.042020678520202637e+00,-1.035745739936828613e-01,6.283793926239013672e+00,2.349594116210937500e+00,1.271564960479736328e-01,9.563315391540527344e+00,2.714852333068847656e+00,-7.344514131546020508e-02,8.628011703491210938e+00,4.022425651550292969e+00,1.572859883308410645e-01,7.943482398986816406e+00,2.499502420425415039e+00,5.620239377021789551e-01
7.481135368347167969e+00,1.173471450805664062e+00,5.009347796440124512e-01,6.495078086853027344e+00,2.454883337020874023e+00,6.013132929801940918e-01,9.764351844787597656e+00,2.928704023361206055e+00,5.229092240333557129e-01,8.778294563293457031e+00,4.210115909576416016e+00,6.232877373695373535e-01,7.462159156799316406e+00,1.205628514289855957e+00,-9.598493576049804688e-02,6.479293346405029297e+00,2.481632709503173828e+00,1.047721505165100098e-01,9.746074676513671875e+00,2.959677457809448242e+00,-5.203610658645629883e-02,8.763208389282226562e+00,4.235681533813476562e+00,1.487210690975189209e-01,7.462159156799316406e+00,1.205628514289855957e+00,-9.598493576049804688e-02,6.479293346405029297e+00,2.481632709503173828e+00,1.047721505165100098e-01,9.746074676513671875e+00,2.959677457809448242e+00,-5.203610658645629883e-02,8.763208389282226562e+00,4.235681533813476562e+00,1.487210690975189209e-01,8.129714965820312500e+00,2.691793680191040039e+00,5.621112585067749023e-01
7.714913368225097656e+00,1.356157541275024414e+00,4.997987747192382812e-01,6.685840606689453125e+00,2.603627443313598633e+00,5.958634018898010254e-01,9.937517166137695312e+00,3.187446355819702148e+00,5.283532738685607910e-01,8.908444404602050781e+00,4.434916496276855469e+00,6.244179010391235352e-01,7.696891784667968750e+00,1.387357831001281738e+00,-9.841281175613403320e-02,6.670712947845458984e+00,2.629817485809326172e+00,9.371653199195861816e-02,9.920355796813964844e+00,3.217157363891601562e+00,-4.130375385284423828e-02,8.894177436828613281e+00,4.459616661071777344e+00,1.508255600929260254e-01,7.696891784667968750e+00,1.387357831001281738e+00,-9.841281175613403320e-02,6.670712947845458984e+00,2.629817485809326172e+00,9.371653199195861816e-02,9.920355796813964844e+00,3.217157363891601562e+00,-4.130375385284423828e-02,8.894177436828613281e+00,4.459616661071777344e+00,1.508255600929260254e-01,8.311678886413574219e+00,2.895536899566650391e+00,5.621083378791809082e-01
7.949524879455566406e+00,1.546042799949645996e+00,5.068570971488952637e-01,6.880179882049560547e+00,2.760676860809326172e+00,5.814628005027770996e-01,1.011207103729248047e+01,3.447774410247802734e+00,5.417017340660095215e-01,9.042725563049316406e+00,4.662408351898193359e+00,6.163074374198913574e-01,7.936880111694335938e+00,1.571266412734985352e+00,-8.503824472427368164e-02,6.869129180908203125e+00,2.782721042633056641e+00,6.417328119277954102e-02,1.010017013549804688e+01,3.471513271331787109e+00,-1.534891128540039062e-02,9.032419204711914062e+00,4.682968139648437500e+00,1.338626146316528320e-01,7.936880111694335938e+00,1.571266412734985352e+00,-8.503824472427368164e-02,6.869129180908203125e+00,2.782721042633056641e+00,6.417328119277954102e-02,1.010017013549804688e+01,3.471513271331787109e+00,-1.534891128540039062e-02,9.032419204711914062e+00,4.682968139648437500e+00,1.338626146316528320e-01,8.496125221252441406e+00,3.104225635528564453e+00,5.615822672843933105e-01
8.179077148437500000e+00,1.747449874877929688e+00,5.108646750450134277e-01,7.073987483978271484e+00,2.930485486984252930e+00,5.709007382392883301e-01,1.028450584411621094e+01,3.712130784988403320e+00,5.508498549461364746e-01,9.179416656494140625e+00,4.895166397094726562e+00,6.108859181404113770e-01,8.170162200927734375e+00,1.768975853919982910e+00,-7.740920782089233398e-02,7.065982341766357422e+00,2.949814796447753906e+00,4.266309738159179688e-02,1.027619743347167969e+01,3.732193470001220703e+00,2.561271190643310547e-03,9.172018051147460938e+00,4.913032531738281250e+00,1.226335167884826660e-01,8.170162200927734375e+00,1.768975853919982910e+00,-7.740920782089233398e-02,7.065982341766357422e+00,2.949814796447753906e+00,4.266309738159179688e-02,1.027619743347167969e+01,3.732193470001220703e+00,2.561271190643310547e-03,9.172018051147460938e+00,4.913032531738281250e+00,1.226335167884826660e-01,8.679246902465820312e+00,3.321308135986328125e+00,5.608752965927124023e-01
8.408710479736328125e+00,1.956403493881225586e+00,5.169581174850463867e-01,7.269929409027099609e+00,3.107778072357177734e+00,5.607084035873413086e-01,1.045693016052246094e+01,3.980603218078613281e+00,5.595307350158691406e-01,9.318149566650390625e+00,5.131978034973144531e+00,6.032810211181640625e-01,8.403771400451660156e+00,1.973652958869934082e+00,-6.556236743927001953e-02,7.265360832214355469e+00,3.123731851577758789e+00,2.193820476531982422e-02,1.045235252380371094e+01,3.996592044830322266e+00,1.958286762237548828e-02,9.313941955566406250e+00,5.146671295166015625e+00,1.070834994316101074e-01,8.403771400451660156e+00,1.973652958869934082e+00,-6.556236743927001953e-02,7.265360832214355469e+00,3.123731851577758789e+00,2.193820476531982422e-02,1.045235252380371094e+01,3.996592044830322266e+00,1.958286762237548828e-02,9.313941955566406250e+00,5.146671295166015625e+00,1.070834994316101074e-01,8.863430023193359375e+00,3.544190645217895508e+00,5.601195693016052246e-01
8.638888359069824219e+00,2.169519662857055664e+00,5.314374566078186035e-01,7.472736358642578125e+00,3.293962955474853516e+00,5.422968864440917969e-01,1.063792037963867188e+01,4.242271423339843750e+00,5.758606195449829102e-01,9.471768379211425781e+00,5.366714477539062500e+00,5.867200493812561035e-01,8.642231941223144531e+00,2.178476810455322266e+00,-3.696954250335693359e-02,7.476016521453857422e+00,3.302749156951904297e+00,-1.525068283081054688e-02,1.064100265502929688e+01,4.250528335571289062e+00,5.187672376632690430e-02,9.474786758422851562e+00,5.374800682067871094e+00,7.359558343887329102e-02,8.642231941223144531e+00,2.178476810455322266e+00,-3.696954250335693359e-02,7.476016521453857422e+00,3.302749156951904297e+00,-1.525068283081054688e-02,1.064100265502929688e+01,4.250528335571289062e+00,5.187672376632690430e-02,9.474786758422851562e+00,5.374800682067871094e+00,7.359558343887329102e-02,9.055328369140625000e+00,3.768117189407348633e+00,5.590787529945373535e-01
8.857328414916992188e+00,2.393299102783203125e+00,5.378886461257934570e-01,7.674147129058837891e+00,3.499855518341064453e+00,5.341067314147949219e-01,1.082423782348632812e+01,4.496561050415039062e+00,5.821679830551147461e-01,9.641056060791015625e+00,5.603117465972900391e+00,5.783860683441162109e-01,8.864189147949218750e+00,2.398714303970336914e+00,-2.408981323242187500e-02,7.681054115295410156e+00,3.505307197570800781e+00,-3.165364265441894531e-02,1.083055782318115234e+01,4.501549720764160156e+00,6.446889042854309082e-02,9.647421836853027344e+00,5.608142375946044922e+00,5.690497159957885742e-02,8.864189147949218750e+00,2.398714303970336914e+00,-2.408981323242187500e-02,7.681054115295410156e+00,3.505307197570800781e+00,-3.165364265441894531e-02,1.083055782318115234e+01,4.501549720764160156e+00,6.446889042854309082e-02,9.647421836853027344e+00,5.608142375946044922e+00,5.690497159957885742e-02,9.249192237854003906e+00,3.998208284378051758e+00,5.581373572349548340e-01
9.070868492126464844e+00,2.622235774993896484e+00,5.448213815689086914e-01,7.878083705902099609e+00,3.718310356140136719e+00,5.279331207275390625e-01,1.101902294158935547e+01,4.742928504943847656e+00,5.867456197738647461e-01,9.826237678527832031e+00,5.839003086090087891e+00,5.698573589324951172e-01,9.080596923828125000e+00,2.624270915985107422e+00,-1.018089056015014648e-02,7.888107776641845703e+00,3.720407247543334961e+00,-4.395747184753417969e-02,1.102801609039306641e+01,4.744810104370117188e+00,7.366770505905151367e-02,9.835527420043945312e+00,5.840946197509765625e+00,3.989106416702270508e-02,9.080596923828125000e+00,2.624270915985107422e+00,-1.018089056015014648e-02,7.888107776641845703e+00,3.720407247543334961e+00,-4.395747184753417969e-02,1.102801609039306641e+01,4.744810104370117188e+00,7.366770505905151367e-02,9.835527420043945312e+00,5.840946197509765625e+00,3.989106416702270508e-02,9.448553085327148438e+00,4.230619430541992188e+00,5.573393702507019043e-01
9.282052993774414062e+00,2.855148315429687500e+00,5.510643720626831055e-01,8.085020065307617188e+00,3.946388721466064453e+00,5.244807600975036621e-01,1.122166824340820312e+01,4.983727931976318359e+00,5.889875292778015137e-01,1.002463531494140625e+01,6.074968338012695312e+00,5.624039173126220703e-01,9.293576240539550781e+00,2.854423046112060547e+00,2.372205257415771484e-03,8.097102165222167969e+00,3.945628166198730469e+00,-5.079507827758789062e-02,1.123239612579345703e+01,4.983052730560302734e+00,7.821860909461975098e-02,1.003592205047607422e+01,6.074257850646972656e+00,2.505135536193847656e-02,9.293576240539550781e+00,2.854423046112060547e+00,2.372205257415771484e-03,8.097102165222167969e+00,3.945628166198730469e+00,-5.079507827758789062e-02,1.123239612579345703e+01,4.983052730560302734e+00,7.821860909461975098e-02,1.003592205047607422e+01,6.074257850646972656e+00,2.505135536193847656e-02,9.653344154357910156e+00,4.465058326721191406e+00,5.567341446876525879e-01
9.494654655456542969e+00,3.090676307678222656e+00,5.567167997360229492e-01,8.296340942382812500e+00,4.180311679840087891e+00,5.229707956314086914e-01,1.143156814575195312e+01,5.221797466278076172e+00,5.897240638732910156e-01,1.023325443267822266e+01,6.311432838439941406e+00,5.559780597686767578e-01,9.507213592529296875e+00,3.087671756744384766e+00,1.374447345733642578e-02,8.309679985046386719e+00,4.177120685577392578e+00,-5.374747514724731445e-02,1.144336318969726562e+01,5.218975543975830078e+00,7.975903153419494629e-02,1.024583053588867188e+01,6.308423995971679688e+00,1.226699352264404297e-02,9.507213592529296875e+00,3.087671756744384766e+00,1.374447345733642578e-02,8.309679985046386719e+00,4.177120685577392578e+00,-5.374747514724731445e-02,1.144336318969726562e+01,5.218975543975830078e+00,7.975903153419494629e-02,1.024583053588867188e+01,6.308423995971679688e+00,1.226699352264404297e-02,9.863954544067382812e+00,4.701054573059082031e+00,5.563474297523498535e-01
9.709424018859863281e+00,3.329951524734497070e+00,5.575305223464965820e-01,8.510849952697753906e+00,4.419381141662597656e+00,5.264889001846313477e-01,1.164605426788330078e+01,5.461401939392089844e+00,5.855923891067504883e-01,1.044748020172119141e+01,6.550831794738769531e+00,5.545507669448852539e-01,9.720668792724609375e+00,3.326873302459716797e+00,1.531517505645751953e-02,8.522738456726074219e+00,4.416126728057861328e+00,-4.676818847656250000e-02,1.165671634674072266e+01,5.458482742309570312e+00,7.143893837928771973e-02,1.045878601074218750e+01,6.547736167907714844e+00,9.355664253234863281e-03,9.720668792724609375e+00,3.326873302459716797e+00,1.531517505645751953e-02,8.522738456726074219e+00,4.416126728057861328e+00,-4.676818847656250000e-02,1.165671634674072266e+01,5.458482742309570312e+00,7.143893837928771973e-02,1.045878601074218750e+01,6.547736167907714844e+00,9.355664253234863281e-03,1.007845211029052734e+01,4.940391540527343750e+00,5.560406446456909180e-01
9.929686546325683594e+00,3.571065664291381836e+00,5.582639575004577637e-01,8.730976104736328125e+00,4.660406589508056641e+00,5.294522047042846680e-01,1.186621856689453125e+01,5.702655315399169922e+00,5.820963382720947266e-01,1.066750812530517578e+01,6.791996002197265625e+00,5.532845854759216309e-01,9.939829826354980469e+00,3.567904949188232422e+00,1.673948764801025391e-02,8.741659164428710938e+00,4.657077312469482422e+00,-4.088401794433593750e-02,1.187591552734375000e+01,5.699633598327636719e+00,6.440430879592895508e-02,1.067774486541748047e+01,6.788806438446044922e+00,6.780743598937988281e-03,9.939829826354980469e+00,3.567904949188232422e+00,1.673948764801025391e-02,8.741659164428710938e+00,4.657077312469482422e+00,-4.088401794433593750e-02,1.187591552734375000e+01,5.699633598327636719e+00,6.440430879592895508e-02,1.067774486541748047e+01,6.788806438446044922e+00,6.780743598937988281e-03,1.029859733581542969e+01,5.181530952453613281e+00,5.557742714881896973e-01
1.015312480926513672e+01,3.816899061203002930e+00,5.527501702308654785e-01,8.953510284423828125e+00,4.905515670776367188e+00,5.372651815414428711e-01,1.208833503723144531e+01,5.949722290039062500e+00,5.735353231430053711e-01,1.088872051239013672e+01,7.038338661193847656e+00,5.580503344535827637e-01,1.015965270996093750e+01,3.816308975219726562e+00,5.579113960266113281e-03,8.960223197937011719e+00,4.904908657073974609e+00,-2.539086341857910156e-02,1.209461402893066406e+01,5.949154376983642578e+00,4.714953899383544922e-02,1.089518451690673828e+01,7.037754535675048828e+00,1.617944240570068359e-02,1.015965270996093750e+01,3.816308975219726562e+00,5.579113960266113281e-03,8.960223197937011719e+00,4.904908657073974609e+00,-2.539086341857910156e-02,1.209461402893066406e+01,5.949154376983642578e+00,4.714953899383544922e-02,1.089518451690673828e+01,7.037754535675048828e+00,1.617944240570068359e-02,1.052092266082763672e+01,5.427618980407714844e+00,5.554002523422241211e-01
1.038182926177978516e+01,4.065321922302246094e+00,5.488423109054565430e-01,9.181070327758789062e+00,5.152763366699218750e+00,5.416903495788574219e-01,1.231497192382812500e+01,6.200033187866210938e+00,5.680712461471557617e-01,1.111421298980712891e+01,7.287474632263183594e+00,5.609192848205566406e-01,1.038610267639160156e+01,4.066415786743164062e+00,-2.280235290527343750e-03,9.185400009155273438e+00,5.153872013092041016e+00,-1.658421754837036133e-02,1.231909561157226562e+01,6.201088905334472656e+00,3.617763519287109375e-02,1.111839294433593750e+01,7.288545131683349609e+00,2.187365293502807617e-02,1.038610267639160156e+01,4.066415786743164062e+00,-2.280235290527343750e-03,9.185400009155273438e+00,5.153872013092041016e+00,-1.658421754837036133e-02,1.231909561157226562e+01,6.201088905334472656e+00,3.617763519287109375e-02,1.111839294433593750e+01,7.288545131683349609e+00,2.187365293502807617e-02,1.074802112579345703e+01,5.676398277282714844e+00,5.548807978630065918e-01
1.061398887634277344e+01,4.317700862884521484e+00,5.444453358650207520e-01,9.412058830261230469e+00,5.403870105743408203e+00,5.450913906097412109e-01,1.254491901397705078e+01,6.454413890838623047e+00,5.636070966720581055e-01,1.134298896789550781e+01,7.540583133697509766e+00,5.642531514167785645e-01,1.061630249023437500e+01,4.320591926574707031e+00,-1.108503341674804688e-02,9.414369583129882812e+00,5.406757831573486328e+00,-9.793043136596679688e-03,1.254715347290039062e+01,6.457204818725585938e+00,2.723848819732666016e-02,1.134522056579589844e+01,7.543371200561523438e+00,2.853053808212280273e-02,1.061630249023437500e+01,4.320591926574707031e+00,-1.108503341674804688e-02,9.414369583129882812e+00,5.406757831573486328e+00,-9.793043136596679688e-03,1.254715347290039062e+01,6.457204818725585938e+00,2.723848819732666016e-02,1.134522056579589844e+01,7.543371200561523438e+00,2.853053808212280273e-02,1.097848892211914062e+01,5.929141998291015625e+00,5.543492436408996582e-01
1.084954166412353516e+01,4.573772430419921875e+00,5.412319302558898926e-01,9.646642684936523438e+00,5.658857345581054688e+00,5.460914969444274902e-01,1.277858924865722656e+01,6.712175369262695312e+00,5.614941716194152832e-01,1.157569026947021484e+01,7.797260284423828125e+00,5.663537383079528809e-01,1.085093021392822266e+01,4.577814102172851562e+00,-1.750373840332031250e-02,9.648019790649414062e+00,5.662863731384277344e+00,-7.784724235534667969e-03,1.277992725372314453e+01,6.716070175170898438e+00,2.302074432373046875e-02,1.157701587677001953e+01,7.801120281219482422e+00,3.273975849151611328e-02,1.085093021392822266e+01,4.577814102172851562e+00,-1.750373840332031250e-02,9.648019790649414062e+00,5.662863731384277344e+00,-7.784724235534667969e-03,1.277992725372314453e+01,6.716070175170898438e+00,2.302074432373046875e-02,1.157701587677001953e+01,7.801120281219482422e+00,3.273975849151611328e-02,1.121261596679687500e+01,6.185516357421875000e+00,5.537928342819213867e-01
1.108819103240966797e+01,4.832464218139648438e+00,5.422515273094177246e-01,9.885834693908691406e+00,5.918161869049072266e+00,5.423181653022766113e-01,1.301826381683349609e+01,6.969921588897705078e+00,5.644428133964538574e-01,1.181590747833251953e+01,8.055619239807128906e+00,5.645094513893127441e-01,1.109105396270751953e+01,4.835669040679931641e+00,-1.546430587768554688e-02,9.888697624206542969e+00,5.921366214752197266e+00,-1.533102989196777344e-02,1.302101325988769531e+01,6.972999095916748047e+00,2.891820669174194336e-02,1.181865596771240234e+01,8.058696746826171875e+00,2.905148267745971680e-02,1.109105396270751953e+01,4.835669040679931641e+00,-1.546430587768554688e-02,9.888697624206542969e+00,5.921366214752197266e+00,-1.533102989196777344e-02,1.302101325988769531e+01,6.972999095916748047e+00,2.891820669174194336e-02,1.181865596771240234e+01,8.058696746826171875e+00,2.905148267745971680e-02,1.145204925537109375e+01,6.444041728973388672e+00,5.533804893493652344e-01
1.132800769805908203e+01,5.095152378082275391e+00,5.430070161819458008e-01,1.012787437438964844e+01,6.183299064636230469e+00,5.390355587005615234e-01,1.326238250732421875e+01,7.228693962097167969e+00,5.673861503601074219e-01,1.206224918365478516e+01,8.316840171813964844e+00,5.634146928787231445e-01,1.133218574523925781e+01,5.097728252410888672e+00,-1.394331455230712891e-02,1.013208198547363281e+01,6.185893058776855469e+00,-2.188616991043090820e-02,1.326637840270996094e+01,7.231156826019287109e+00,3.481507301330566406e-02,1.206627464294433594e+01,8.319321632385253906e+00,2.687215805053710938e-02,1.133218574523925781e+01,5.097728252410888672e+00,-1.394331455230712891e-02,1.013208198547363281e+01,6.185893058776855469e+00,-2.188616991043090820e-02,1.326637840270996094e+01,7.231156826019287109e+00,3.481507301330566406e-02,1.206627464294433594e+01,8.319321632385253906e+00,2.687215805053710938e-02,1.169512844085693359e+01,6.705996513366699219e+00,5.532108545303344727e-01
1.156978416442871094e+01,5.360112190246582031e+00,5.469093322753906250e-01,1.037439250946044922e+01,6.453390598297119141e+00,5.334323048591613770e-01,1.351321506500244141e+01,7.485384464263916016e+00,5.732054114341735840e-01,1.231782341003417969e+01,8.578662872314453125e+00,5.597283840179443359e-01,1.157658672332763672e+01,5.360733509063720703e+00,-6.097435951232910156e-03,1.038136100769042969e+01,6.454027175903320312e+00,-3.305149078369140625e-02,1.351969432830810547e+01,7.485976219177246094e+00,4.649472236633300781e-02,1.232446956634521484e+01,8.579270362854003906e+00,1.954072713851928711e-02,1.157658672332763672e+01,5.360733509063720703e+00,-6.097435951232910156e-03,1.038136100769042969e+01,6.454027175903320312e+00,-3.305149078369140625e-02,1.351969432830810547e+01,7.485976219177246094e+00,4.649472236633300781e-02,1.232446956634521484e+01,8.579270362854003906e+00,1.954072713851928711e-02,1.194380378723144531e+01,6.969387531280517578e+00,5.533188581466674805e-01
1.181278705596923828e+01,5.627898216247558594e+00,5.506988763809204102e-01,1.062456893920898438e+01,6.728841781616210938e+00,5.292201638221740723e-01,1.376983451843261719e+01,7.740623474121093750e+00,5.783222317695617676e-01,1.258161640167236328e+01,8.841567039489746094e+00,5.568435192108154297e-01,1.182170963287353516e+01,5.626813888549804688e+00,1.544952392578125000e-03,1.063384056091308594e+01,6.727715015411376953e+00,-4.141253232955932617e-02,1.377830696105957031e+01,7.739593505859375000e+00,5.679166316986083984e-02,1.259043788909912109e+01,8.840495109558105469e+00,1.383423805236816406e-02,1.182170963287353516e+01,5.626813888549804688e+00,1.544952392578125000e-03,1.063384056091308594e+01,6.727715015411376953e+00,-4.141253232955932617e-02,1.377830696105957031e+01,7.739593505859375000e+00,5.679166316986083984e-02,1.259043788909912109e+01,8.840495109558105469e+00,1.383423805236816406e-02,1.219720172882080078e+01,7.234732627868652344e+00,5.537711977958679199e-01
1.205887985229492188e+01,5.897886753082275391e+00,5.542566180229187012e-01,1.087930011749267578e+01,7.007941246032714844e+00,5.264728665351867676e-01,1.403215312957763672e+01,7.995456695556640625e+00,5.824776291847229004e-01,1.285257339477539062e+01,9.105510711669921875e+00,5.546938776969909668e-01,1.206935882568359375e+01,5.895368099212646484e+00,8.727729320526123047e-03,1.089031314849853516e+01,7.005294322967529297e+00,-4.683971405029296875e-02,1.404208946228027344e+01,7.993068695068359375e+00,6.516972184181213379e-02,1.286304378509521484e+01,9.102994918823242188e+00,9.602308273315429688e-03,1.206935882568359375e+01,5.895368099212646484e+00,8.727729320526123047e-03,1.089031314849853516e+01,7.005294322967529297e+00,-4.683971405029296875e-02,1.404208946228027344e+01,7.993068695068359375e+00,6.516972184181213379e-02,1.286304378509521484e+01,9.102994918823242188e+00,9.602308273315429688e-03,1.245572662353515625e+01,7.501698970794677734e+00,5.544752478599548340e-01
1.230915451049804688e+01,6.170200347900390625e+00,5.558847188949584961e-01,1.113845634460449219e+01,7.289579391479492188e+00,5.266043543815612793e-01,1.429902267456054688e+01,8.252033233642578125e+00,5.841231942176818848e-01,1.312832450866699219e+01,9.371412277221679688e+00,5.548428297042846680e-01,1.231994724273681641e+01,6.167261123657226562e+00,1.200193166732788086e-02,1.114983081817626953e+01,7.286482334136962891e+00,-4.655885696411132812e-02,1.430925559997558594e+01,8.249246597290039062e+00,6.847888231277465820e-02,1.313913822174072266e+01,9.368468284606933594e+00,9.918093681335449219e-03,1.231994724273681641e+01,6.167261123657226562e+00,1.200193166732788086e-02,1.114983081817626953e+01,7.286482334136962891e+00,-4.655885696411132812e-02,1.430925559997558594e+01,8.249246597290039062e+00,6.847888231277465820e-02,1.313913822174072266e+01,9.368468284606933594e+00,9.918093681335449219e-03,1.271873950958251953e+01,7.770806312561035156e+00,5.553637742996215820e-01
1.256603527069091797e+01,6.442822456359863281e+00,5.595450401306152344e-01,1.140416717529296875e+01,7.571228981018066406e+00,5.254806876182556152e-01,1.457202529907226562e+01,8.509133338928222656e+00,5.871506333351135254e-01,1.341015720367431641e+01,9.637539863586425781e+00,5.530862808227539062e-01,1.257779407501220703e+01,6.438623428344726562e+00,1.938390731811523438e-02,1.141666698455810547e+01,7.566765308380126953e+00,-4.874485731124877930e-02,1.458318328857421875e+01,8.505148887634277344e+00,7.459515333175659180e-02,1.342205619812011719e+01,9.633290290832519531e+00,6.466448307037353516e-03,1.257779407501220703e+01,6.438623428344726562e+00,1.938390731811523438e-02,1.141666698455810547e+01,7.566765308380126953e+00,-4.874485731124877930e-02,1.458318328857421875e+01,8.505148887634277344e+00,7.459515333175659180e-02,1.342205619812011719e+01,9.633290290832519531e+00,6.466448307037353516e-03,1.298809623718261719e+01,8.040181159973144531e+00,5.563156604766845703e-01
1.282758617401123047e+01,6.718540191650390625e+00,5.576944351196289062e-01,1.167327308654785156e+01,7.854846000671386719e+00,5.299408435821533203e-01,1.484757232666015625e+01,8.771185874938964844e+00,5.842646360397338867e-01,1.369325923919677734e+01,9.907491683959960938e+00,5.565110445022583008e-01,1.283771514892578125e+01,6.715589523315429688e+00,1.559698581695556641e-02,1.168392086029052734e+01,7.851744174957275391e+00,-3.991025686264038086e-02,1.485720443725585938e+01,8.768379211425781250e+00,6.873753666877746582e-02,1.370341014862060547e+01,9.904534339904785156e+00,1.323020458221435547e-02,1.283771514892578125e+01,6.715589523315429688e+00,1.559698581695556641e-02,1.168392086029052734e+01,7.851744174957275391e+00,-3.991025686264038086e-02,1.485720443725585938e+01,8.768379211425781250e+00,6.873753666877746582e-02,1.370341014862060547e+01,9.904534339904785156e+00,1.323020458221435547e-02,1.326042270660400391e+01,8.313015937805175781e+00,5.571027398109436035e-01
1.309842300415039062e+01,6.993058204650878906e+00,5.603543519973754883e-01,1.195013999938964844e+01,8.135386466979980469e+00,5.298555493354797363e-01,1.512917518615722656e+01,9.035069465637207031e+00,5.855358242988586426e-01,1.398089218139648438e+01,1.017739772796630859e+01,5.550370216369628906e-01,1.310895156860351562e+01,6.989239692687988281e+00,2.094554901123046875e-02,1.196126270294189453e+01,8.131352424621582031e+00,-4.005199670791625977e-02,1.513921260833740234e+01,9.031429290771484375e+00,7.130858302116394043e-02,1.399152374267578125e+01,1.017354202270507812e+01,1.031100749969482422e-02,1.310895156860351562e+01,6.989239692687988281e+00,2.094554901123046875e-02,1.196126270294189453e+01,8.131352424621582031e+00,-4.005199670791625977e-02,1.513921260833740234e+01,9.031429290771484375e+00,7.130858302116394043e-02,1.399152374267578125e+01,1.017354202270507812e+01,1.031100749969482422e-02,1.353965759277343750e+01,8.585227966308593750e+00,5.576956868171691895e-01
1.337187671661376953e+01,7.270766735076904297e+00,5.584333539009094238e-01,1.223001098632812500e+01,8.419649124145507812e+00,5.336735248565673828e-01,1.541424751281738281e+01,9.301176071166992188e+00,5.821623802185058594e-01,1.427238178253173828e+01,1.045005798339843750e+01,5.574025511741638184e-01,1.338087558746337891e+01,7.268042564392089844e+00,1.703238487243652344e-02,1.223942089080810547e+01,8.416799545288085938e+00,-3.248727321624755859e-02,1.542285156250000000e+01,9.298571586608886719e+00,6.449046730995178223e-02,1.428139686584472656e+01,1.044732856750488281e+01,1.497077941894531250e-02,1.338087558746337891e+01,7.268042564392089844e+00,1.703238487243652344e-02,1.223942089080810547e+01,8.416799545288085938e+00,-3.248727321624755859e-02,1.542285156250000000e+01,9.298571586608886719e+00,6.449046730995178223e-02,1.428139686584472656e+01,1.044732856750488281e+01,1.497077941894531250e-02,1.382212924957275391e+01,8.860412597656250000e+00,5.579179525375366211e-01
1.365128135681152344e+01,7.548756122589111328e+00,5.587408542633056641e-01,1.251575469970703125e+01,8.703914642333984375e+00,5.344496369361877441e-01,1.570483016967773438e+01,9.567874908447265625e+00,5.811443924903869629e-01,1.456930351257324219e+01,1.072303390502929688e+01,5.568531751632690430e-01,1.365997219085693359e+01,7.545920848846435547e+00,1.763856410980224609e-02,1.252483654022216797e+01,8.700952529907226562e+00,-3.094398975372314453e-02,1.571316051483154297e+01,9.565156936645507812e+00,6.244567036628723145e-02,1.457802486419677734e+01,1.072018814086914062e+01,1.386320590972900391e-02,1.365997219085693359e+01,7.545920848846435547e+00,1.763856410980224609e-02,1.252483654022216797e+01,8.700952529907226562e+00,-3.094398975372314453e-02,1.571316051483154297e+01,9.565156936645507812e+00,6.244567036628723145e-02,1.457802486419677734e+01,1.072018814086914062e+01,1.386320590972900391e-02,1.411029243469238281e+01,9.135894775390625000e+00,5.577970147132873535e-01
1.393423175811767578e+01,7.825844287872314453e+00,5.643720030784606934e-01,1.280819892883300781e+01,8.989987373352050781e+00,5.294103026390075684e-01,1.600392913818359375e+01,9.828419685363769531e+00,5.854524970054626465e-01,1.487789630889892578e+01,1.099256324768066406e+01,5.504907965660095215e-01,1.394508361816406250e+01,7.820263862609863281e+00,2.902960777282714844e-02,1.281975936889648438e+01,8.984042167663574219e+00,-4.089379310607910156e-02,1.601435470581054688e+01,9.823059082031250000e+00,7.119065523147583008e-02,1.488902950286865234e+01,1.098683738708496094e+01,1.267194747924804688e-03,1.394508361816406250e+01,7.820263862609863281e+00,2.902960777282714844e-02,1.281975936889648438e+01,8.984042167663574219e+00,-4.089379310607910156e-02,1.601435470581054688e+01,9.823059082031250000e+00,7.119065523147583008e-02,1.488902950286865234e+01,1.098683738708496094e+01,1.267194747924804688e-03,1.440606403350830078e+01,9.409203529357910156e+00,5.574313998222351074e-01
1.421800518035888672e+01,8.105100631713867188e+00,5.662118196487426758e-01,1.310419845581054688e+01,9.280826568603515625e+00,5.274509191513061523e-01,1.630840301513671875e+01,1.008606910705566406e+01,5.862540006637573242e-01,1.519459629058837891e+01,1.126179504394531250e+01,5.474931001663208008e-01,1.422948169708251953e+01,8.098386764526367188e+00,3.276520967483520508e-02,1.311650943756103516e+01,9.273625373840332031e+00,-4.475665092468261719e-02,1.631944847106933594e+01,1.007960700988769531e+01,7.284951210021972656e-02,1.520647621154785156e+01,1.125484561920166016e+01,-4.672288894653320312e-03,1.422948169708251953e+01,8.098386764526367188e+00,3.276520967483520508e-02,1.311650943756103516e+01,9.273625373840332031e+00,-4.475665092468261719e-02,1.631944847106933594e+01,1.007960700988769531e+01,7.284951210021972656e-02,1.520647621154785156e+01,1.125484561920166016e+01,-4.672288894653320312e-03,1.470630073547363281e+01,9.683447837829589844e+00,5.568524599075317383e-01
1.450725650787353516e+01,8.381667137145996094e+00,5.732198357582092285e-01,1.340811443328857422e+01,9.570571899414062500e+00,5.203657150268554688e-01,1.662152290344238281e+01,1.033715057373046875e+01,5.922043323516845703e-01,1.552238178253173828e+01,1.152605533599853516e+01,5.393502116203308105e-01,1.452146625518798828e+01,8.371412277221679688e+00,4.704904556274414062e-02,1.342375087738037109e+01,9.559286117553710938e+00,-5.865919589996337891e-02,1.663521957397460938e+01,1.032726573944091797e+01,8.501797914505004883e-02,1.553750610351562500e+01,1.151514053344726562e+01,-2.069020271301269531e-02,1.452146625518798828e+01,8.371412277221679688e+00,4.704904556274414062e-02,1.342375087738037109e+01,9.559286117553710938e+00,-5.865919589996337891e-02,1.663521957397460938e+01,1.032726573944091797e+01,8.501797914505004883e-02,1.553750610351562500e+01,1.151514053344726562e+01,-2.069020271301269531e-02,1.501481914520263672e+01,9.953861236572265625e+00,5.562850236892700195e-01
1.479818248748779297e+01,8.658073425292968750e+00,5.780436396598815918e-01,1.371739101409912109e+01,9.863215446472167969e+00,5.154165029525756836e-01,1.694175148010253906e+01,1.058140087127685547e+01,5.961080789566040039e-01,1.586096096038818359e+01,1.178654289245605469e+01,5.334809422492980957e-01,1.481408023834228516e+01,8.645250320434570312e+00,5.693113803863525391e-02,1.373519897460937500e+01,9.848851203918457031e+00,-6.832331418991088867e-02,1.695709800720214844e+01,1.056902122497558594e+01,9.306004643440246582e-02,1.587821769714355469e+01,1.177262306213378906e+01,-3.219437599182128906e-02,1.481408023834228516e+01,8.645250320434570312e+00,5.693113803863525391e-02,1.373519897460937500e+01,9.848851203918457031e+00,-6.832331418991088867e-02,1.695709800720214844e+01,1.056902122497558594e+01,9.306004643440246582e-02,1.587821769714355469e+01,1.177262306213378906e+01,-3.219437599182128906e-02,1.532957172393798828e+01,1.022230815887451172e+01,5.557622909545898438e-01
1.509429740905761719e+01,8.931367874145507812e+00,5.845563411712646484e-01,1.403452301025390625e+01,1.015431213378906250e+01,5.091602206230163574e-01,1.727021217346191406e+01,1.081803131103515625e+01,6.018933653831481934e-01,1.621043777465820312e+01,1.204097557067871094e+01,5.264972448348999023e-01,1.511233234405517578e+01,8.915292739868164062e+00,7.032445073127746582e-02,1.405520248413085938e+01,1.013588142395019531e+01,-8.046782016754150391e-02,1.728763961791992188e+01,1.080249881744384766e+01,1.049984991550445557e-01,1.623050880432128906e+01,1.202308654785156250e+01,-4.579377174377441406e-02,1.511233234405517578e+01,8.915292739868164062e+00,7.032445073127746582e-02,1.405520248413085938e+01,1.013588142395019531e+01,-8.046782016754150391e-02,1.728763961791992188e+01,1.080249881744384766e+01,1.049984991550445557e-01,1.623050880432128906e+01,1.202308654785156250e+01,-4.579377174377441406e-02,1.565236759185791016e+01,1.048617172241210938e+01,5.555267930030822754e-01
1.539484024047851562e+01,9.200389862060546875e+00,5.934454798698425293e-01,1.436026477813720703e+01,1.044360351562500000e+01,5.013839006423950195e-01,1.760793685913085938e+01,1.104330444335937500e+01,6.099683046340942383e-01,1.657336044311523438e+01,1.228651809692382812e+01,5.179067254066467285e-01,1.541545104980468750e+01,9.180164337158203125e+00,8.868664503097534180e-02,1.438463497161865234e+01,1.041968822479248047e+01,-9.543663263320922852e-02,1.762787246704101562e+01,1.102374076843261719e+01,1.217324137687683105e-01,1.659705543518066406e+01,1.226326560974121094e+01,-6.239092350006103516e-02,1.541545104980468750e+01,9.180164337158203125e+00,8.868664503097534180e-02,1.438463497161865234e+01,1.041968822479248047e+01,-9.543663263320922852e-02,1.762787246704101562e+01,1.102374076843261719e+01,1.217324137687683105e-01,1.659705543518066406e+01,1.226326560974121094e+01,-6.239092350006103516e-02,1.598410034179687500e+01,1.074345397949218750e+01,5.556761026382446289e-01
1.569939136505126953e+01,9.465431213378906250e+00,6.010362505912780762e-01,1.469404792785644531e+01,1.073134994506835938e+01,4.955073595046997070e-01,1.795401954650878906e+01,1.125730133056640625e+01,6.169916391372680664e-01,1.694867515563964844e+01,1.252322006225585938e+01,5.114627480506896973e-01,1.572171688079833984e+01,9.441762924194335938e+00,1.044256389141082764e-01,1.472111701965332031e+01,1.070265102386474609e+01,-1.066321730613708496e-01,1.797562789916992188e+01,1.123439407348632812e+01,1.363364458084106445e-01,1.697502708435058594e+01,1.249528217315673828e+01,-7.472139596939086914e-02,1.572171688079833984e+01,9.441762924194335938e+00,1.044256389141082764e-01,1.472111701965332031e+01,1.070265102386474609e+01,-1.066321730613708496e-01,1.797562789916992188e+01,1.123439407348632812e+01,1.363364458084106445e-01,1.697502708435058594e+01,1.249528217315673828e+01,-7.472139596939086914e-02,1.632403373718261719e+01,1.099432563781738281e+01,5.562494993209838867e-01
